nuts2_code;biomass_production_twh_medium_total;biomass_production_twh_low_total;biomass_production_twh_high_total;biomass_production_twh_medium_agri&landscape _residues;biomass_production_twh_low_agri&landscape _residues;biomass_production_twh_high_agri&landscape _residues;biomass_production_twh_medium_energy_crops;biomass_production_twh_low_energy_crops;biomass_production_twh_high_energy_crops;biomass_production_twh_medium_forestry;biomass_production_twh_low_forestry;biomass_production_twh_high_forestry;wind_onshore_capacity_gw_medium;wind_onshore_capacity_gw_low;wind_onshore_capacity_gw_high;wind_onshore_production_twh_medium;wind_onshore_production_twh_low;wind_onshore_production_twh_high;wind_onshore_land_use_percentage_medium;wind_onshore_land_use_percentage_low;wind_onshore_land_use_percentage_high;solar_capacity_gw_medium_total;solar_capacity_gw_low_total;solar_capacity_gw_high_total;solar_capacity_gw_medium_pv_roof;solar_capacity_gw_low_pv_roof;solar_capacity_gw_high_pv_roof;solar_capacity_gw_medium_pv_ground;solar_capacity_gw_low_pv_ground;solar_capacity_gw_high_pv_ground;solar_capacity_gw_medium_csp;solar_capacity_gw_low_csp;solar_capacity_gw_high_csp;solar_production_twh_medium_total;solar_production_twh_low_total;solar_production_twh_high_total;solar_production_twh_medium_pv_roof;solar_production_twh_low_pv_roof;solar_production_twh_high_pv_roof;solar_production_twh_medium_pv_ground;solar_production_twh_low_pv_ground;solar_production_twh_high_pv_ground;solar_production_twh_medium_csp;solar_production_twh_low_csp;solar_production_twh_high_csp
AT11;2.219066;1.854769;3.776925;0.722136;0.461219;1.087997;1.101561;0.998181;1.581197;0.395369;0.395369;1.107731;2.066237513;1.558287458;4.881486124;4.819432904;3.634655649;11.38591024;0.104778779;0.079020662;0.247539864;9.01;4.51;15.9;0.72;0.36;1.27;8.29;4.15;14.63;0;0;0;9.52;4.76;16.8;0.76;0.38;1.34;8.76;4.38;15.46;0;0;0
AT12;12.692085;11.10681;21.703167;3.436353;2.087436;4.880631;6.259233;6.022875;7.974069;2.996498;2.996498;8.848467;0.01;8.22;28.5;0.024673832;20.28189012;70.32042194;0.000104248;0.085691947;0.297107115;45.64;22.82;80.54;4;2;7.05;41.64;20.82;73.49;0;0;0;44.74;22.37;78.95;3.92;1.96;6.91;40.82;20.41;72.04;0;0;0
AT13;0.057521;0.054237;0.117569;0.002344;0.002344;0.002344;0.035875;0.032592;0.039422;0.019301;0.019301;0.075803;0;0;0.035;0;0;0.090887738;0;0;0.016949153;4.03;2.01;7.1;3.83;1.92;6.76;0.19;0.1;0.34;0;0;0;4.13;2.07;7.29;3.93;1.97;6.94;0.2;0.1;0.35;0;0;0
AT21;3.335069;3.106789;8.778625;0.656731;0.453314;0.823814;0.390556;0.365692;1.087939;2.287783;2.287783;6.866872;0.001934559;2.02548309;3.337113973;0.005033644;5.270225089;8.683035605;0.0000406;0.042529829;0.070070635;11.95;5.98;21.09;1.35;0.68;2.39;10.6;5.3;18.7;0;0;0;12.3;6.15;21.7;1.39;0.7;2.46;10.9;5.45;19.24;0;0;0
AT22;6.086999;5.484402;15.679258;1.402031;0.859169;1.945031;0.704872;0.645136;1.714189;3.980096;3.980096;12.020039;1.853308318;1.607027384;3.405409739;4.818771051;4.17841811;8.854376635;0.022551817;0.019554969;0.041438425;17.43;8.72;30.77;2.96;1.48;5.22;14.47;7.24;25.54;0;0;0;16.87;8.44;29.78;2.87;1.43;5.06;14.01;7;24.72;0;0;0
AT31;5.145475;4.253742;11.140108;1.688839;0.927533;2.461089;1.381014;1.250586;2.460806;2.075623;2.075623;6.218214;7.112161771;3.848180799;12.67148271;15.64300596;8.463968777;27.87058083;0.118862902;0.064313208;0.211773756;31.01;15.5;54.72;3.47;1.74;6.13;27.53;13.77;48.59;0;0;0;29.67;14.84;52.36;3.32;1.66;5.87;26.35;13.17;46.49;0;0;0
AT32;1.722221;1.590415;4.576089;0.339619;0.263369;0.360814;0.278517;0.222961;0.861919;1.104085;1.104085;3.353356;0;1.915318338;2.59769896;0;4.949322879;6.71264439;0;0.053537899;0.07261213;8.58;4.29;15.15;1.3;0.65;2.3;7.28;3.64;12.85;0;0;0;8.34;4.17;14.73;1.27;0.63;2.23;7.08;3.54;12.49;0;0;0
AT33;1.817232;1.672399;4.906994;0.397672;0.308394;0.424561;0.305825;0.250269;1.083636;1.113735;1.113735;3.398797;0.002366247;4.16459384;5.30039216;0.005732694;10.08954116;12.8412342;0.0000374;0.065869416;0.083833802;14.72;7.36;25.97;1.76;0.88;3.1;12.96;6.48;22.87;0;0;0;13.7;6.85;24.18;1.64;0.82;2.89;12.06;6.03;21.29;0;0;0
AT34;0.463007;0.356174;1.130236;0.149322;0.098044;0.1596;0.111175;0.055619;0.30565;0.20251;0.20251;0.664986;0.002552096;1.076984668;1.449590738;0.006237824;2.632361741;3.543084049;0.000196921;0.083100669;0.111851137;4.55;2.28;8.03;0.91;0.46;1.61;3.64;1.82;6.42;0;0;0;4.08;2.04;7.2;0.82;0.41;1.45;3.26;1.63;5.76;0;0;0
BE10;0.0012;0.0012;0.004542;0.0012;0.0012;0.0012;0;0;0;0;0;0.003342;0;0;0;0;0;0;0;0;0;2.6;1.3;4.58;2.58;1.29;4.55;0.02;0.01;0.04;0;0;0;2.38;1.19;4.21;2.36;1.18;4.17;0.02;0.01;0.03;0;0;0
BE21;2.884866;1.705688;4.611169;2.162828;1.011633;3.307078;0.520361;0.492378;0.614047;0.201677;0.201677;0.690044;0.375;0.03;1.085;0.739125;0.05913;2.138535;0.025987526;0.002079002;0.075190575;10.8;5.4;19.06;4.42;2.21;7.8;6.38;3.19;11.26;0;0;0;9.66;4.83;17.05;3.95;1.98;6.98;5.71;2.85;10.07;0;0;0
BE22;2.197059;1.578548;3.364892;0.882258;0.319508;1.468731;1.126772;1.071011;1.281147;0.188028;0.188028;0.615014;0.645;0.04;1.46;1.271295;0.07884;2.87766;0.052868852;0.003278689;0.119672131;7.58;3.79;13.38;2.13;1.06;3.75;5.46;2.73;9.63;0;0;0;6.87;3.43;12.12;1.93;0.96;3.4;4.94;2.47;8.72;0;0;0
BE23;3.13938;2.03733;4.585364;1.621939;0.603633;2.741078;1.416303;1.332558;1.588486;0.101139;0.101139;0.2558;0.685;0.035;2.025;1.985054736;0.101426154;5.868227503;0.045727637;0.002336449;0.13518024;13.22;6.61;23.33;3.6;1.8;6.35;9.62;4.81;16.98;0;0;0;12.04;6.02;21.24;3.27;1.64;5.78;8.76;4.38;15.46;0;0;0
BE24;2.45807;1.949268;3.177836;0.668542;0.272431;1.060597;1.671678;1.558986;1.841636;0.117851;0.117851;0.275603;0.036091503;0.000820261;0.134522876;0.071136353;0.001616735;0.265144589;0.003414523;0.0000776;0.012726857;8.71;4.36;15.38;2.71;1.36;4.79;6;3;10.59;0;0;0;7.97;3.98;14.06;2.48;1.24;4.38;5.49;2.74;9.68;0;0;0
BE25;5.742435;3.995607;7.844814;3.040458;1.406736;4.717014;2.637458;2.524353;2.967875;0.064518;0.064518;0.159925;1.925;0.1;4.185;4.696765066;0.243987796;10.21088925;0.121412804;0.006307159;0.263954588;14.36;7.18;25.34;2.88;1.44;5.08;11.48;5.74;20.26;0;0;0;13.48;6.74;23.78;2.7;1.35;4.77;10.77;5.39;19.01;0;0;0
BE31;2.10776;1.796422;2.515883;0.393053;0.140914;0.588414;1.661375;1.602175;1.810836;0.053333;0.053333;0.116633;0.197683007;0.001640523;0.197683007;0.389633207;0.003233471;0.389633207;0.036506557;0.000302959;0.036506557;4.65;2.32;8.2;0.96;0.48;1.69;3.69;1.84;6.51;0;0;0;4.26;2.13;7.52;0.88;0.44;1.55;3.38;1.69;5.97;0;0;0
BE32;4.953227;3.905447;6.526461;1.233106;0.305717;2.182244;3.576836;3.456444;4.023419;0.143286;0.143286;0.320797;2.360151801;0.078671727;2.362774192;4.6518592;0.155061973;4.657027932;0.123245525;0.004108184;0.123382464;14.69;7.34;25.92;3.26;1.63;5.76;11.42;5.71;20.16;0;0;0;13.57;6.79;23.95;3.01;1.51;5.32;10.56;5.28;18.63;0;0;0
BE33;4.184045;3.272867;6.765461;1.342881;0.501214;2.152047;2.035983;1.966472;2.584028;0.805181;0.805181;2.029386;0.435558825;0.024607843;0.435558825;0.858486443;0.048502059;0.858486443;0.022685355;0.001281659;0.022685355;10.21;5.11;18.02;2.68;1.34;4.74;7.53;3.76;13.28;0;0;0;9.08;4.54;16.02;2.39;1.19;4.21;6.69;3.35;11.81;0;0;0
BE34;3.259344;2.301928;6.404253;1.635847;0.708819;2.584847;0.422617;0.392228;0.842647;1.200881;1.200881;2.976758;0.689248367;0.068496732;0.689248367;1.358508532;0.135007059;1.358508532;0.030956585;0.003076431;0.030956585;7.02;3.51;12.4;0.71;0.36;1.25;6.31;3.16;11.14;0;0;0;6.12;3.06;10.8;0.62;0.31;1.09;5.5;2.75;9.71;0;0;0
BE35;4.063974;3.010293;6.058758;1.366231;0.467314;2.176147;2.237525;2.082761;2.783528;0.460218;0.460218;1.099083;0.780955884;0.043970588;0.780955884;1.539264047;0.08666603;1.539264047;0.042431724;0.002389057;0.042431724;10.22;5.11;18.03;1.22;0.61;2.15;9;4.5;15.89;0;0;0;9.15;4.58;16.15;1.09;0.54;1.92;8.06;4.03;14.23;0;0;0
BG31;6.118542;3.919923;10.792925;1.090575;0.642306;1.564506;4.577392;2.827042;7.751811;0.450575;0.450575;1.476608;7.534322131;4.883501402;7.975865548;14.85014892;9.625381263;15.720431;0.078976123;0.051189742;0.083604461;62.13;31.07;109.65;2.16;1.08;3.82;59.97;29.99;105.83;0;0;0;71.77;35.89;126.66;2.5;1.25;4.41;69.28;34.64;122.25;0;0;0
BG32;7.448451;5.467123;10.5184;2.716133;1.709117;3.775639;4.473786;3.499475;5.732275;0.258532;0.258532;1.010486;7.382435306;4.028152948;7.946505895;14.55077999;7.93948946;15.66256312;0.09953398;0.054309734;0.107139084;47.18;23.59;83.26;2.17;1.08;3.83;45.01;22.51;79.43;0;0;0;54.71;27.36;96.55;2.51;1.26;4.44;52.2;26.1;92.11;0;0;0
BG33;8.470401;5.607387;11.652919;3.178594;2.007133;4.514775;5.033275;3.341722;6.167117;0.258532;0.258532;0.971028;22.18124004;11.59618441;23.99682032;46.13530121;24.11918628;49.91157085;0.304478244;0.159178921;0.329400416;49.13;24.57;86.71;2.44;1.22;4.3;46.7;23.35;82.4;0;0;0;57.1;28.55;100.77;2.83;1.42;5;54.27;27.14;95.77;0;0;0
BG34;5.541517;4.177329;10.555981;1.582039;1.053697;2.277022;3.148883;2.313036;5.169375;0.810595;0.810595;3.109583;7.108871848;3.909788865;7.670909664;14.01158641;7.706193854;15.11936295;0.071926664;0.039558748;0.077613291;53.11;26.55;93.72;2.65;1.32;4.67;50.46;25.23;89.05;0;0;0;63.36;31.68;111.82;3.16;1.58;5.58;60.2;30.1;106.24;0;0;0
BG41;3.000829;2.403717;7.490494;0.780539;0.552564;1.090281;1.437472;1.068336;3.506183;0.782817;0.782817;2.894031;3.154005345;1.615764704;3.484502671;6.216544534;3.184672232;6.867954764;0.03120306;0.015985009;0.034472721;37.49;18.74;66.15;5.17;2.59;9.13;32.31;16.16;57.02;0;0;0;43.55;21.77;76.85;6.01;3;10.6;37.54;18.77;66.25;0;0;0
BG42;7.506871;4.689229;16.137094;2.068439;1.336403;2.831006;4.232817;2.147211;8.842183;1.205615;1.205615;4.463906;5.616375776;3.016777899;6.12608521;11.06987665;5.946069239;12.07451395;0.050101479;0.026911489;0.054648396;49.91;24.95;88.07;3.54;1.77;6.25;46.36;23.18;81.82;0;0;0;59.16;29.58;104.41;4.2;2.1;7.41;54.97;27.48;97;0;0;0
CY00;1.545214;1.032075;2.248389;1.267436;0.865408;1.6095;0.277778;0.166667;0.638889;0;0;0;1.937654899;1.237901959;3.228098034;3.819117805;2.43990476;6.362581224;0.042427302;0.027105364;0.070683119;24.12;12.06;42.56;2.14;1.07;3.78;14.07;7.04;24.83;7.91;3.95;13.95;37.7;18.85;66.54;3.35;1.67;5.91;22;11;38.82;12.36;6.18;21.81
CZ01;0.242951;0.232504;0.555139;0.186567;0.186214;0.214581;0.015019;0.004925;0.072072;0.041365;0.041365;0.268486;0.035;0;0.07;0.068985;0;0.13797;0.013944223;0;0.027888446;3.43;1.72;6.05;2.71;1.35;4.78;0.72;0.36;1.28;0;0;0;3.25;1.62;5.73;2.56;1.28;4.52;0.69;0.34;1.21;0;0;0
CZ02;8.624026;6.525196;14.060897;3.986;3.14915;4.822692;4.235758;2.973778;5.987033;0.402268;0.402268;3.251172;12.505;0.765;16.92;25.94565317;1.587239079;35.10599374;0.22674524;0.01387126;0.306799637;35.45;17.72;62.56;3.21;1.61;5.67;32.24;16.12;56.89;0;0;0;33.28;16.64;58.73;3.02;1.51;5.32;30.27;15.13;53.41;0;0;0
CZ03;8.391538;6.318883;16.788667;4.970789;3.934928;6.114497;2.565967;1.529172;3.322606;0.854783;0.854783;7.351564;14.35685845;2.117678308;17.78516286;30.08689591;4.437904508;37.27140904;0.162970185;0.024038575;0.201886178;44.6;22.3;78.71;2.97;1.49;5.24;41.63;20.82;73.47;0;0;0;41.14;20.57;72.61;2.74;1.37;4.84;38.4;19.2;67.77;0;0;0
CZ04;3.185937;2.18199;6.770933;1.759861;1.208519;2.244233;1.097486;0.644881;1.901656;0.32859;0.32859;2.625044;4.446459199;0.949608159;5.408529407;8.763971082;1.871677681;10.66021146;0.10278454;0.021951183;0.125023796;18.9;9.45;33.36;2.75;1.37;4.85;16.15;8.08;28.5;0;0;0;16.74;8.37;29.54;2.44;1.22;4.3;14.3;7.15;25.24;0;0;0
CZ05;8.63167;6.771998;14.183511;4.026817;3.101058;5.005244;4.098403;3.164489;4.941619;0.506451;0.506451;4.236647;10.97208822;1.390147057;14.17949998;24.13627964;3.058030289;31.19190894;0.175679901;0.022258379;0.227035465;35.05;17.52;61.85;3.69;1.84;6.51;31.36;15.68;55.34;0;0;0;32.32;16.16;57.03;3.4;1.7;6;28.92;14.46;51.03;0;0;0
CZ06;9.124574;6.985524;15.410306;5.659739;4.503825;6.864239;2.963333;1.980197;4.426322;0.501502;0.501502;4.119744;21.96;3.645;26.755;52.31167533;8.682880536;63.73401063;0.313916089;0.052104925;0.382460153;45.35;22.67;80.03;4.11;2.05;7.24;41.24;20.62;72.78;0;0;0;42.75;21.38;75.44;3.87;1.94;6.83;38.88;19.44;68.61;0;0;0
CZ07;5.744911;4.755908;10.281256;2.586089;1.989719;3.314458;2.696633;2.304;3.155211;0.462188;0.462188;3.811586;7.873506139;1.1639819;10.12248545;17.24283172;2.54909867;22.1680545;0.170146;0.02515358;0.218746309;24.68;12.34;43.56;2.99;1.49;5.27;21.7;10.85;38.29;0;0;0;23.02;11.51;40.63;2.79;1.39;4.92;20.24;10.12;35.71;0;0;0
CZ08;4.728036;4.207272;8.623175;2.662719;2.349908;2.999222;1.556908;1.348956;1.884853;0.508409;0.508409;3.7391;4.055695185;0.566925133;5.250598928;8.812784326;1.231894583;11.40923906;0.151078234;0.021118463;0.195589455;15.62;7.81;27.57;2.99;1.49;5.27;12.64;6.32;22.3;0;0;0;14.25;7.13;25.15;2.72;1.36;4.81;11.53;5.77;20.35;0;0;0
DE11;5.685541;3.974286;9.485356;2.585647;1.354242;3.667394;2.322647;1.842797;3.007689;0.777247;0.777247;2.810272;0.154470588;0.200514706;2.326713239;0.30446153;0.395214486;4.585951794;0.002923365;0.003794752;0.04403318;35.66;17.83;62.92;8.8;4.4;15.54;26.85;13.43;47.39;0;0;0;34.15;17.07;60.26;8.43;4.22;14.88;25.71;12.86;45.38;0;0;0
DE12;2.918809;2.363948;6.237661;1.044244;0.650383;1.447981;0.893706;0.732706;1.196939;0.980859;0.980859;3.592742;0;0;0;0;0;0;0;0;0;17.15;8.57;30.26;6.19;3.1;10.93;10.95;5.48;19.33;0;0;0;16.57;8.28;29.23;5.98;2.99;10.56;10.58;5.29;18.68;0;0;0
DE13;3.526494;2.746933;7.791353;1.194425;0.592386;1.8134;1.101092;0.923569;1.497283;1.230977;1.230977;4.480669;0.204379085;0.239856209;1.636575163;0.402831176;0.472756588;3.225689647;0.00430589;0.005053328;0.03447962;24.07;12.03;42.47;5.23;2.62;9.24;18.83;9.42;33.24;0;0;0;23.93;11.96;42.23;5.2;2.6;9.18;18.73;9.36;33.05;0;0;0
DE14;3.976239;2.715556;7.090172;1.868256;0.921328;2.794211;1.459606;1.14585;1.952789;0.648378;0.648378;2.343172;0.294319005;0.348610861;2.651728513;0.580102759;0.687112006;5.226556899;0.006473529;0.007667675;0.058324613;27.49;13.75;48.52;4.34;2.17;7.66;23.15;11.58;40.86;0;0;0;26.7;13.35;47.12;4.21;2.11;7.44;22.48;11.24;39.68;0;0;0
DE21;10.677185;8.458438;22.919728;4.158694;2.480375;5.679339;3.054719;2.514292;4.135219;3.463771;3.463771;13.105169;0.76527206;0.457625001;6.266386037;1.50835123;0.901978876;12.35104688;0.008727016;0.005218668;0.071460669;48.44;24.22;85.47;10.66;5.33;18.81;37.78;18.89;66.66;0;0;0;47.47;23.73;83.77;10.45;5.22;18.44;37.02;18.51;65.33;0;0;0
DE22;6.156271;4.484335;10.246783;2.990658;1.625689;4.311817;2.443836;2.136869;3.165989;0.721777;0.721777;2.768978;0.713909314;0.287904412;6.441568629;1.407115258;0.567459596;12.69633177;0.013819383;0.005573063;0.124691611;27.97;13.99;49.36;2.91;1.45;5.13;25.07;12.53;44.24;0;0;0;26.8;13.4;47.3;2.78;1.39;4.91;24.02;12.01;42.39;0;0;0
DE23;5.075608;3.909613;10.584339;2.02025;1.187386;2.731803;1.508483;1.175353;1.962083;1.546874;1.546874;5.890453;0.405786765;0.258796569;1.567634804;0.799805713;0.510088037;3.089808198;0.008398774;0.005356444;0.032446131;18.16;9.08;32.04;2.63;1.32;4.65;15.52;7.76;27.4;0;0;0;16.87;8.44;29.77;2.45;1.22;4.32;14.42;7.21;25.45;0;0;0
DE24;3.233967;2.391817;6.092553;1.425233;0.882431;1.940764;1.11385;0.814503;1.528;0.694884;0.694884;2.623789;0.112442096;0.058789522;0.619858457;0.221623371;0.115874148;1.221741019;0.003113015;0.001627617;0.017161087;11.59;5.79;20.45;2.58;1.29;4.55;9.01;4.5;15.89;0;0;0;10.33;5.16;18.23;2.3;1.15;4.06;8.03;4.01;14.17;0;0;0
DE25;3.738775;2.726594;6.57325;1.774294;1.029817;2.428128;1.325067;1.057364;1.774231;0.639414;0.639414;2.370892;0.210441177;0.102102941;1.183147059;0.414779559;0.201244897;2.331982854;0.00577659;0.002802716;0.032477273;16.77;8.39;29.6;4.09;2.05;7.23;12.68;6.34;22.37;0;0;0;15.83;7.92;27.94;3.87;1.93;6.82;11.97;5.98;21.12;0;0;0
DE26;5.806078;4.658803;11.531931;2.1486;1.451072;2.869075;2.008628;1.558881;2.523425;1.64885;1.64885;6.139431;0.397298041;0.238101962;1.346245102;0.783074438;0.469298966;2.653449097;0.009300048;0.005573548;0.031513228;17.24;8.62;30.43;3.17;1.59;5.6;14.07;7.04;24.83;0;0;0;15.76;7.88;27.81;2.9;1.45;5.12;12.86;6.43;22.7;0;0;0
DE27;5.04804;3.593423;8.702672;2.436508;1.241619;3.447192;1.907683;1.647956;2.612339;0.703848;0.703848;2.643142;1.13812815;0.712462184;4.665721634;2.243250584;1.404262965;9.196137341;0.022696742;0.01420804;0.093044603;29.86;14.93;52.7;4.41;2.2;7.78;25.45;12.73;44.92;0;0;0;28.42;14.21;50.16;4.2;2.1;7.41;24.23;12.11;42.75;0;0;0
DE30;0.05565;0.05565;0.187081;0.0087;0.0087;0.0087;0.000444;0.000444;0.000472;0.046506;0.046506;0.177908;0;0;0.028851927;0;0;0.056867148;0;0;0.006542387;7.73;3.86;13.64;7.45;3.72;13.14;0.28;0.14;0.5;0;0;0;6.98;3.49;12.31;6.72;3.36;11.87;0.25;0.13;0.45;0;0;0
DE40;8.624655;6.567169;18.404994;3.11915;2.533981;3.755583;2.393828;0.921511;2.710969;3.111677;3.111677;11.938442;11.43385294;7.714496607;30.76108937;23.66564673;15.96736921;63.66892051;0.077057912;0.051991485;0.207312909;63.75;31.87;112.49;6.26;3.13;11.05;57.49;28.74;101.45;0;0;0;57.62;28.81;101.68;5.66;2.83;9.98;51.96;25.98;91.69;0;0;0
DE50;0.158142;0.158142;0.477475;0.018897;0.018897;0.018897;0.000067;0.000067;0.000072;0.139178;0.139178;0.458506;0.08;0.02;0.15;0.207517163;0.051879291;0.38909468;0.042216359;0.01055409;0.079155673;1.8;0.9;3.18;1.43;0.72;2.52;0.37;0.19;0.66;0;0;0;1.55;0.78;2.74;1.23;0.62;2.17;0.32;0.16;0.57;0;0;0
DE60;0.018278;0.011187;0.050453;0.001769;0.001769;0.001769;0.007544;0.000453;0.008303;0.008964;0.008964;0.040381;0.21;0.025;0.305;0.44551371;0.053037346;0.647055626;0.055629139;0.006622517;0.080794702;4.74;2.37;8.37;3.8;1.9;6.71;0.94;0.47;1.67;0;0;0;4.03;2.02;7.12;3.23;1.62;5.7;0.8;0.4;1.42;0;0;0
DE71;3.418205;2.730349;6.388883;1.116775;0.656047;1.441742;1.347464;1.120336;1.646108;0.953966;0.953966;3.301033;0;0;0;0;0;0;0;0;0;17.31;8.65;30.54;8.32;4.16;14.68;8.99;4.49;15.86;0;0;0;16.12;8.06;28.45;7.75;3.88;13.68;8.37;4.19;14.77;0;0;0
DE72;2.358878;1.706825;4.361386;0.842392;0.457728;1.170414;0.923578;0.656189;1.1687;0.592908;0.592908;2.022272;0;0;0;0;0;0;0;0;0;13.3;6.65;23.46;2.5;1.25;4.41;10.8;5.4;19.05;0;0;0;11.86;5.93;20.92;2.23;1.11;3.93;9.63;4.81;16.99;0;0;0
DE73;3.902504;2.854948;7.078025;1.498339;0.847;2.095783;1.514633;1.118417;1.868878;0.889532;0.889532;3.113364;0.462228373;0.259128027;1.833155707;0.911052124;0.510741342;3.613149899;0.011147435;0.006249319;0.044209712;18.86;9.43;33.29;2.93;1.47;5.17;15.93;7.97;28.12;0;0;0;16.42;8.21;28.97;2.55;1.28;4.5;13.87;6.93;24.47;0;0;0
DE80;17.46192;12.180039;25.358783;8.434472;6.141172;10.797906;7.369633;4.381053;8.717692;1.657814;1.657814;5.843186;18.92;12.97;46.87;46.1292018;31.62239679;114.2746136;0.16537016;0.113364216;0.409666987;65.09;32.54;114.86;3.96;1.98;6.98;61.13;30.56;107.87;0;0;0;57.69;28.85;101.81;3.51;1.75;6.19;54.18;27.09;95.62;0;0;0
DE91;6.493903;5.108023;9.729336;2.675864;1.7737;3.61055;3.123156;2.639439;3.591044;0.694884;0.694884;2.527742;2.436619413;1.482034119;8.361520005;4.802576864;2.921089248;16.48055593;0.059985707;0.03648533;0.205847366;22.87;11.44;40.36;3.85;1.92;6.79;19.02;9.51;33.57;0;0;0;20.03;10.01;35.34;3.37;1.69;5.95;16.66;8.33;29.4;0;0;0
DE92;9.004184;7.074464;16.466736;3.750942;2.400525;5.100778;3.225744;2.646442;3.778858;2.027498;2.027498;7.5871;3.187755089;1.931697963;12.77822737;6.647966843;4.028497688;26.64860677;0.07021487;0.042548413;0.281458753;29.19;14.6;51.51;5.13;2.56;9.05;24.06;12.03;42.46;0;0;0;25.68;12.84;45.32;4.51;2.26;7.96;21.17;10.59;37.36;0;0;0
DE93;10.501193;7.316801;17.157708;5.675575;3.060958;7.964178;3.426886;2.857111;4.091808;1.398732;1.398732;5.101722;7.255085784;4.583302696;24.45007353;16.42192409;10.37432929;55.34286752;0.093789487;0.059250245;0.316076188;46.52;23.26;82.09;4.09;2.05;7.23;42.42;21.21;74.86;0;0;0;40.15;20.07;70.85;3.53;1.77;6.24;36.61;18.31;64.61;0;0;0
DE94;13.13306;9.238848;20.176028;8.992506;5.541853;12.191339;2.834833;2.391275;3.443308;1.305721;1.305721;4.541381;7.105;4.225;26.84;16.92296195;10.06326731;63.92854312;0.095369128;0.056711409;0.360268456;47.86;23.93;84.46;5.98;2.99;10.55;41.89;20.94;73.92;0;0;0;41.2;20.6;72.71;5.15;2.57;9.08;36.06;18.03;63.63;0;0;0
DEA1;3.058974;2.207637;4.514306;1.353331;0.640656;2.048961;1.455525;1.316864;1.623292;0.250118;0.250118;0.842053;0.945;0.095;3.355;2.005247103;0.201585688;7.119157706;0.035673839;0.003586259;0.126651567;21.88;10.94;38.62;11.08;5.54;19.54;10.81;5.4;19.07;0;0;0;19.51;9.75;34.42;9.87;4.94;17.42;9.63;4.82;17;0;0;0
DEA2;4.433456;3.581425;6.826939;1.564522;0.891297;2.187936;2.267061;2.088256;2.579889;0.601872;0.601872;2.059114;1.23159467;0.181897059;3.27414706;2.568845746;0.379398756;6.829177613;0.033349436;0.004925455;0.088658193;20.29;10.15;35.81;9.89;4.95;17.46;10.4;5.2;18.35;0;0;0;17.91;8.96;31.61;8.73;4.37;15.41;9.18;4.59;16.2;0;0;0
DEA3;4.654757;2.90739;7.834806;2.841767;1.340461;4.745094;1.423694;1.177633;1.657719;0.389296;0.389296;1.431992;6.92;1.69;12.965;14.02651957;3.425551744;26.27945465;0.1997114;0.048773449;0.374170274;27.29;13.65;48.16;6.14;3.07;10.83;21.15;10.58;37.33;0;0;0;24.15;12.07;42.61;5.43;2.72;9.58;18.71;9.36;33.03;0;0;0
DEA4;4.207999;2.765593;6.709136;2.132358;1.066097;3.217078;1.639839;1.263694;1.912164;0.435801;0.435801;1.579894;3.370680145;1.274191176;6.037591907;6.889442895;2.604360831;12.34043068;0.10366539;0.039187796;0.185686357;20.12;10.06;35.5;4.94;2.47;8.72;15.17;7.59;26.78;0;0;0;17.46;8.73;30.81;4.29;2.15;7.57;13.17;6.58;23.24;0;0;0
DEA5;3.419597;2.430542;6.643006;1.3954;0.651664;2.095803;1.107772;0.862453;1.299136;0.916425;0.916425;3.248067;1.70101629;0.573102263;3.185595023;3.451554941;1.162889478;6.463933536;0.042456416;0.014304312;0.079510671;19.51;9.75;34.42;8.48;4.24;14.97;11.03;5.51;19.46;0;0;0;16.39;8.19;28.92;7.12;3.56;12.57;9.26;4.63;16.35;0;0;0
DEB1;3.438084;2.61872;6.448892;1.151128;0.687936;1.616319;1.361567;1.005394;1.617153;0.925389;0.925389;3.215419;0.194791667;0.103125;1.164031866;0.383934376;0.203259376;2.294306809;0.004814426;0.002548814;0.028769942;18.86;9.43;33.29;3.6;1.8;6.36;15.26;7.63;26.93;0;0;0;16.97;8.48;29.94;3.24;1.62;5.72;13.73;6.86;24.22;0;0;0
DEB2;2.093059;1.6057;4.201478;0.763578;0.397189;1.107908;0.681103;0.560133;0.882539;0.648378;0.648378;2.211031;0.220915033;0.111930283;1.313708061;0.43542353;0.220614588;2.589318589;0.008976637;0.004548163;0.053381067;9.3;4.65;16.41;1.27;0.63;2.24;8.03;4.02;14.18;0;0;0;8.2;4.1;14.48;1.12;0.56;1.97;7.08;3.54;12.5;0;0;0
DEB3;3.897039;3.167978;6.752569;1.259356;0.763044;1.715703;1.767764;1.535014;2.061203;0.869919;0.869919;2.975664;0.379427807;0.210478609;1.563959889;0.747852207;0.414853339;3.082564941;0.011135079;0.006176922;0.045897576;17.76;8.88;31.35;4.78;2.39;8.43;12.98;6.49;22.91;0;0;0;17.17;8.59;30.31;4.62;2.31;8.15;12.55;6.28;22.15;0;0;0
DEC0;0.853336;0.681241;1.804008;0.260039;0.158664;0.406803;0.32525;0.254531;0.468872;0.268047;0.268047;0.928333;0.101341177;0.074964706;0.323458824;0.199743459;0.147755435;0.637537342;0.007892615;0.005838373;0.025191497;4.55;2.27;8.02;2.42;1.21;4.27;2.13;1.06;3.75;0;0;0;4.21;2.1;7.42;2.24;1.12;3.95;1.97;0.98;3.47;0;0;0
DED2;5.012097;3.789805;7.512411;2.374175;1.771719;2.919744;1.998508;1.378672;2.262231;0.639414;0.639414;2.330436;2.673195187;1.994756684;8.262938502;5.390558452;4.022471893;16.66240206;0.067419803;0.050309122;0.208396936;21.74;10.87;38.36;3.89;1.94;6.86;17.85;8.93;31.5;0;0;0;19.91;9.96;35.14;3.56;1.78;6.28;16.35;8.18;28.86;0;0;0
DED4;4.278658;3.149022;6.255006;2.102208;1.540492;2.586433;1.685178;1.117258;1.875922;0.491272;0.491272;1.79265;2.574430149;1.932237134;6.781218756;5.074201824;3.808439391;13.36578217;0.078885557;0.059207511;0.207789758;21.37;10.69;37.72;3.59;1.79;6.33;17.78;8.89;31.38;0;0;0;19.08;9.54;33.66;3.2;1.6;5.65;15.87;7.94;28.01;0;0;0
DED5;3.155397;2.296692;4.107608;1.478908;1.135164;1.841558;1.490806;0.975844;1.66765;0.185684;0.185684;0.5984;1.781348615;1.08934602;6.933419547;3.51103812;2.147101006;13.66576993;0.089156587;0.054521823;0.347017995;14.69;7.35;25.93;2.41;1.21;4.25;12.28;6.14;21.67;0;0;0;13.62;6.81;24.03;2.23;1.12;3.94;11.38;5.69;20.09;0;0;0
DEE0;4.766179;3.050757;8.257719;0.181839;0.181839;0.181839;3.417797;1.702375;3.759569;1.166543;1.166543;4.316311;13.70066176;10.01010588;30.01882058;27.00400433;19.72991869;59.16709536;0.133645435;0.09764528;0.29282369;56.24;28.12;99.24;5.54;2.77;9.78;50.69;25.35;89.46;0;0;0;50.88;25.44;89.79;5.01;2.51;8.85;45.86;22.93;80.94;0;0;0
DEF0;12.354184;7.113809;17.647903;7.435583;3.675433;10.830817;4.455906;2.975681;5.182083;0.462695;0.462695;1.635003;11.44;3.33;29.15;31.64524397;9.211421539;80.63451587;0.148696952;0.043283291;0.378891272;54.18;27.09;95.62;6.88;3.44;12.14;47.3;23.65;83.48;0;0;0;47.07;23.53;83.06;5.98;2.99;10.55;41.09;20.54;72.51;0;0;0
DEG0;11.268897;8.344575;17.295803;5.3173;3.928114;6.669183;4.442264;2.907128;5.067033;1.509333;1.509333;5.559586;4.251134451;2.783613444;12.85361344;8.378986004;5.486502098;25.33447209;0.052437825;0.034335925;0.158549568;46.63;23.31;82.28;5.28;2.64;9.32;41.35;20.67;72.96;0;0;0;41.53;20.77;73.29;4.7;2.35;8.3;36.83;18.41;64.99;0;0;0
DK01;0.977674;0.695718;1.590275;0.777408;0.523028;1.029367;0.050486;0.022911;0.166614;0.14978;0.14978;0.394294;1;0.175;1.815;3.41119875;0.596959781;6.191325731;0.080096115;0.01401682;0.145374449;9.29;4.64;16.39;4.22;2.11;7.45;5.06;2.53;8.94;0;0;0;8.6;4.3;15.18;3.91;1.96;6.9;4.69;2.35;8.28;0;0;0
DK02;4.469618;3.145007;6.947981;3.551161;2.351667;4.803558;0.610653;0.485536;1.338394;0.307804;0.307804;0.806028;7.87;1.275;13.06;24.9050085;4.03480125;41.329023;0.222002821;0.03596615;0.368406206;25.11;12.55;44.3;2.03;1.01;3.58;23.08;11.54;40.73;0;0;0;23.13;11.57;40.82;1.87;0.93;3.3;21.26;10.63;37.52;0;0;0
DK03;6.830912;4.708009;10.674839;5.928478;3.960614;7.911261;0.322011;0.166972;1.437581;0.580423;0.580423;1.325997;17.77;4.875;25.65;54.2493222;14.8826925;78.305859;0.299082723;0.082049987;0.431709164;44.58;22.29;78.68;2.97;1.48;5.24;41.62;20.81;73.44;0;0;0;38.81;19.4;68.49;2.58;1.29;4.56;36.23;18.11;63.93;0;0;0
DK04;7.071697;4.949286;11.342767;6.05135;4.068678;8.068389;0.321406;0.181667;1.464631;0.698942;0.698942;1.809747;15.28;3.1;24.56;47.643231;9.66583875;76.578387;0.234715822;0.047619048;0.377265745;46.01;23.01;81.2;3.15;1.57;5.55;42.87;21.43;75.65;0;0;0;39.57;19.78;69.82;2.71;1.35;4.77;36.86;18.43;65.05;0;0;0
DK05;4.241329;2.898665;6.770922;3.765214;2.504794;5.0599;0.188064;0.105819;0.873556;0.288051;0.288051;0.837467;12.75;3.18;17.92;43.84879594;10.93640558;61.6290528;0.326588115;0.081454918;0.459016393;26.81;13.41;47.31;1.45;0.72;2.56;25.36;12.68;44.76;0;0;0;23.98;11.99;42.32;1.3;0.65;2.29;22.69;11.34;40.03;0;0;0
EE00;13.666853;11.500342;25.187447;4.130014;3.189128;5.057675;3.925728;2.700103;4.943303;5.611111;5.611111;15.186469;27.28;23.03;45.905;64.31949984;54.2990499;108.2326481;0.121007807;0.102155784;0.203624024;55.33;27.66;97.64;3.25;1.63;5.74;52.08;26.04;91.9;0;0;0;46.22;23.11;81.56;2.72;1.36;4.79;43.5;21.75;76.76;0;0;0
EL30;0.375616;0.218125;0.736025;0.207853;0.078139;0.309736;0.15425;0.126472;0.378028;0.013514;0.013514;0.048261;4.88988866;3.117735297;5.272548325;12.21936981;7.790925975;13.17560017;0.265610465;0.169350098;0.286395889;14.83;7.42;26.17;8.49;4.24;14.98;5.82;2.91;10.28;0.52;0.26;0.92;21.41;10.7;37.78;12.25;6.13;21.62;8.41;4.2;14.84;0.75;0.38;1.33
EL41;0.884346;0.464399;1.473242;0.716653;0.296706;1.080928;0.140667;0.140667;0.310306;0.027027;0.027027;0.082008;12.055;10.87;12.245;36.80903171;33.19072374;37.38918235;0.65766503;0.593016912;0.668030551;8.88;4.44;15.66;0.44;0.22;0.77;7.6;3.8;13.42;0.84;0.42;1.48;12.7;6.35;22.42;0.62;0.31;1.1;10.88;5.44;19.21;1.2;0.6;2.11
EL42;0.425057;0.305101;0.850767;0.106419;0.069797;0.198194;0.264583;0.18125;0.516056;0.054054;0.054054;0.136517;18.885;16.795;19.26;59.63938901;53.03910714;60.82365011;0.769246436;0.684114053;0.784521385;11.56;5.78;20.4;0.73;0.37;1.3;10.19;5.1;17.99;0.63;0.32;1.12;17.49;8.74;30.86;1.11;0.56;1.96;15.42;7.71;27.21;0.96;0.48;1.69
EL43;1.336587;0.886212;2.591681;0.703047;0.28045;1.042042;0.563194;0.535417;1.341722;0.070345;0.070345;0.207917;23.23104861;20.93984656;23.5609527;58.55194605;52.77715986;59.38344216;0.572193315;0.515759767;0.580319032;24.38;12.19;43.02;1.39;0.69;2.44;22.17;11.09;39.13;0.82;0.41;1.44;33.14;16.57;58.48;1.88;0.94;3.32;30.14;15.07;53.2;1.11;0.55;1.96
EL51;2.954689;2.5351;4.159972;0.984667;0.506056;1.491225;1.7475;1.806522;1.997222;0.222523;0.222523;0.671525;16.43668066;13.22611344;16.87899159;36.52466923;29.39032694;37.50754774;0.235955795;0.189866687;0.242305363;29.08;14.54;51.31;1.46;0.73;2.57;27.6;13.8;48.71;0.02;0.01;0.04;37.57;18.79;66.3;1.88;0.94;3.32;35.66;17.83;62.94;0.03;0.01;0.05
EL52;5.99953;4.864413;8.032483;2.041953;1.046917;3.086439;3.708028;3.567947;4.253833;0.24955;0.24955;0.692211;6.563941183;4.782784319;6.825377458;12.93752807;9.426867892;13.45281897;0.070383242;0.051284413;0.073186548;55.67;27.83;98.23;4.18;2.09;7.38;51.48;25.74;90.86;0;0;0;74.71;37.35;131.83;5.61;2.81;9.9;69.09;34.55;121.93;0;0;0
EL53;1.454386;1.194686;2.134211;0.69525;0.432964;0.980539;0.64825;0.650836;0.796417;0.110886;0.110886;0.357256;5.57897457;4.798441978;5.679553267;12.26190133;10.5463865;12.48296096;0.117427375;0.100998568;0.119544375;23.97;11.99;42.3;0.67;0.33;1.18;23.3;11.65;41.12;0;0;0;29.24;14.62;51.6;0.82;0.41;1.44;28.42;14.21;50.16;0;0;0
EL54;1.913915;1.491615;2.994722;0.508892;0.307811;0.737369;1.237306;1.016086;1.719417;0.167718;0.167718;0.537936;6.930148747;5.615273115;7.113772276;17.68115669;14.32646361;18.14964251;0.152814746;0.123820796;0.156863777;37.61;18.81;66.38;1.77;0.88;3.12;35.84;17.92;63.25;0;0;0;50.2;25.1;88.6;2.36;1.18;4.17;47.84;23.92;84.43;0;0;0
EL61;1.939292;1.090523;3.575986;1.247769;0.537889;1.928078;0.471778;0.332889;1.057861;0.219745;0.219745;0.590047;8.780197066;7.160889712;9.002413243;19.9822143;16.29695003;20.48794;0.126043598;0.102797728;0.12923361;12.45;6.23;21.98;0.75;0.37;1.32;11.19;5.59;19.75;0.52;0.26;0.91;16.07;8.04;28.36;0.97;0.48;1.71;14.44;7.22;25.48;0.66;0.33;1.17
EL62;0.183516;0.153135;0.385544;0.0416;0.038997;0.071444;0.114889;0.087111;0.226389;0.027027;0.027027;0.087711;5.506863323;4.898675607;5.606384949;13.66104574;12.15229571;13.90793211;0.506378237;0.450452929;0.515529651;4.62;2.31;8.16;0.46;0.23;0.8;3.79;1.89;6.69;0.38;0.19;0.67;6.64;3.32;11.72;0.66;0.33;1.16;5.45;2.72;9.61;0.54;0.27;0.96
EL63;1.958916;1.433166;3.214036;0.548058;0.327231;0.798147;1.299972;0.99505;2.029944;0.110886;0.110886;0.385944;14.57050002;12.73137718;14.82039275;35.09356803;30.6639752;35.69544358;0.25967742;0.226900324;0.264131042;24.84;12.42;43.84;1.49;0.74;2.63;19.29;9.64;34.04;4.06;2.03;7.17;34.67;17.33;61.18;2.08;1.04;3.67;26.92;13.46;47.5;5.67;2.84;10.01
EL64;1.540107;1.026366;2.868133;0.583556;0.319392;0.876917;0.818639;0.569061;1.514444;0.137913;0.137913;0.476772;17.54150586;15.30817645;17.83954115;41.75342491;36.43751004;42.46282776;0.22849428;0.199403106;0.232376464;31.02;15.51;54.75;1.23;0.61;2.17;29.62;14.81;52.27;0.17;0.09;0.31;41.47;20.74;73.19;1.64;0.82;2.9;39.6;19.8;69.88;0.23;0.12;0.41
EL65;2.13783;1.501105;3.631225;0.979267;0.480797;1.366081;0.922528;0.784272;1.620333;0.236036;0.236036;0.644811;27.44495665;25.17396106;27.76831033;64.68437238;59.33191633;65.44647705;0.357589012;0.327999493;0.361802089;34.91;17.45;61.6;1.29;0.64;2.27;31.98;15.99;56.44;1.64;0.82;2.9;49.58;24.79;87.49;1.82;0.91;3.22;45.42;22.71;80.15;2.33;1.17;4.12
ES11;4.997169;3.103508;9.699103;1.942469;0.910467;2.917433;2.436064;1.574406;4.23245;0.618636;0.618636;2.549219;14.55740796;7.871919117;16.08238261;33.38050079;18.05050755;36.87730582;0.099235884;0.053661809;0.10963143;34.83;17.42;61.47;6.06;3.03;10.7;28.75;14.38;50.74;0.02;0.01;0.03;40.96;20.48;72.28;7.13;3.56;12.58;33.81;16.91;59.67;0.02;0.01;0.03
ES12;1.076358;0.759047;3.145778;0.573947;0.339969;0.813736;0.225481;0.142147;1.225842;0.27693;0.27693;1.1062;7.030520396;5.284458727;7.403795064;17.58674297;13.21899548;18.52048404;0.132563786;0.099640968;0.139602056;10.2;5.1;17.99;2.34;1.17;4.12;7.86;3.93;13.87;0;0;0;11.21;5.61;19.79;2.57;1.29;4.54;8.64;4.32;15.25;0;0;0
ES13;0.723807;0.348485;2.049681;0.479808;0.134731;0.846078;0.144653;0.114408;0.7008;0.099346;0.099346;0.502803;2.192790922;1.499071612;2.373530052;5.015552875;3.428814329;5.428956021;0.08295029;0.056707835;0.089787405;5.15;2.57;9.08;1.3;0.65;2.29;3.85;1.93;6.8;0;0;0;5.78;2.89;10.2;1.46;0.73;2.57;4.32;2.16;7.63;0;0;0
ES21;2.964405;2.593652;4.618836;0.428017;0.197253;0.709656;2.304097;2.164108;3.048447;0.232291;0.232291;0.860733;3.152631844;1.371671399;3.559155424;7.068127456;3.075255455;7.979543892;0.087585271;0.038107276;0.098879162;13.29;6.65;23.46;4.78;2.39;8.44;8.51;4.26;15.02;0;0;0;14.6;7.3;25.77;5.25;2.63;9.27;9.35;4.67;16.5;0;0;0
ES22;5.345046;3.888779;8.918244;1.543514;0.976906;2.164706;3.469894;2.580236;5.441922;0.331637;0.331637;1.311617;13.67070701;8.036402714;14.76147624;29.99096351;17.63035813;32.38390633;0.263455522;0.154873824;0.28447632;21.16;10.58;37.34;1.4;0.7;2.48;17.71;8.85;31.25;2.05;1.02;3.61;25.74;12.87;45.43;1.71;0.85;3.02;21.54;10.77;38.02;2.49;1.24;4.39
ES23;2.296102;1.764693;4.063639;0.501122;0.270608;0.700833;1.710067;1.409172;2.931075;0.084913;0.084913;0.431731;4.878567954;2.895736817;5.240078603;10.24554561;6.081375501;11.00475895;0.193134123;0.114637245;0.207445709;7.98;3.99;14.08;0.7;0.35;1.23;7.26;3.63;12.82;0.02;0.01;0.04;10.14;5.07;17.9;0.88;0.44;1.56;9.23;4.62;16.29;0.03;0.01;0.05
ES24;23.760816;18.861794;38.863064;5.298992;3.828317;7.278039;17.461208;14.032861;27.449008;1.000616;1.000616;4.136017;121.1932;98.75774301;124.197056;280.9583667;228.9469555;287.9221111;0.50784948;0.413835665;0.520436876;121.4;60.7;214.23;2.94;1.47;5.19;74.86;37.43;132.1;43.6;21.8;76.94;177.82;88.91;313.8;4.3;2.15;7.6;109.65;54.83;193.5;63.86;31.93;112.7
ES30;3.129007;2.587452;5.253544;1.242819;1.033011;1.4481;1.801275;1.469528;3.367569;0.084913;0.084913;0.437875;1.388687785;0.487782806;1.629592763;2.737103625;0.961419911;3.211927336;0.034591799;0.012150525;0.040592671;26.65;13.32;47.03;14.08;7.04;24.84;6.79;3.4;11.99;5.78;2.89;10.2;39.18;19.59;69.14;20.7;10.35;36.53;9.99;4.99;17.63;8.5;4.25;14.99
ES41;54.884891;45.317402;77.896708;13.856514;9.186483;18.775417;39.477294;34.579836;52.341708;1.551083;1.551083;6.779583;228.1921683;169.1693863;235.9503708;502.1246727;372.2481949;519.1961828;0.484587318;0.359246945;0.501062584;274;137;483.53;6.07;3.04;10.71;148.22;74.11;261.56;119.71;59.86;211.26;376.29;188.15;664.05;8.34;4.17;14.71;203.55;101.77;359.21;164.4;82.2;290.13
ES42;31.253922;21.49253;58.276481;12.209592;8.366031;16.058264;18.186728;12.268897;38.605419;0.857602;0.857602;3.612797;154.9236854;128.4282762;158.6569284;323.5503182;268.2159899;331.3470082;0.390265475;0.323521365;0.39966982;252.42;126.21;445.45;5.08;2.54;8.96;109.98;54.99;194.09;137.36;68.68;242.4;377.49;188.74;666.15;7.6;3.8;13.41;164.47;82.24;290.25;205.42;102.71;362.5
ES43;7.989702;4.938268;19.995786;3.225717;1.599064;4.869389;4.179919;2.755139;12.822931;0.584066;0.584066;2.303467;16.35144121;13.99095591;16.68152435;32.22869062;27.57617409;32.8792845;0.078557934;0.067217353;0.080143767;129.95;64.98;229.33;2.52;1.26;4.44;60.4;30.2;106.59;67.03;33.52;118.3;193.76;96.88;341.94;3.75;1.88;6.62;90.06;45.03;158.93;99.95;49.98;176.39
ES51;10.628878;7.017303;19.451531;5.538764;3.736211;7.813419;3.980083;2.171061;6.989147;1.110031;1.110031;4.648964;28.22782354;17.95178697;30.18049127;63.56157205;40.4226631;67.95846189;0.176677872;0.112360186;0.188899614;77.14;38.57;136.13;16.37;8.18;28.88;47.24;23.62;83.36;13.54;6.77;23.89;107.95;53.98;190.51;22.91;11.45;40.42;66.11;33.05;116.66;18.94;9.47;33.43
ES52;7.348243;5.529057;12.937119;2.021469;1.087647;2.908236;4.964931;4.079567;8.475336;0.361843;0.361843;1.553547;29.54273953;19.64976683;31.56672692;64.805307;43.10396368;69.24514997;0.25404368;0.168972111;0.271448335;61.81;30.91;109.08;10.94;5.47;19.3;34.7;17.35;61.23;16.18;8.09;28.55;91.28;45.64;161.08;16.15;8.08;28.51;51.24;25.62;90.42;23.89;11.94;42.16
ES53;1.415337;0.877579;2.758453;0.357581;0.125331;0.58845;0.992981;0.687472;1.889425;0.064776;0.064776;0.280578;2.642273753;1.360791854;3.011691173;5.844880936;3.01015985;6.662056233;0.108690817;0.055976629;0.123886926;12.16;6.08;21.45;2.46;1.23;4.35;6.96;3.48;12.28;2.74;1.37;4.83;17.29;8.64;30.51;3.5;1.75;6.18;9.89;4.95;17.46;3.89;1.95;6.87
ES61;31.752283;21.569183;55.471169;10.138256;5.112392;15.444897;20.227067;15.069831;34.494247;1.386961;1.386961;5.532025;64.53973239;49.66867503;66.85957357;142.2598894;109.4807796;147.373334;0.147974304;0.113878495;0.153293149;231.99;116;409.39;18.51;9.26;32.67;136.5;68.25;240.89;76.97;38.49;135.84;357.4;178.7;630.7;28.52;14.26;50.33;210.29;105.15;371.1;118.58;59.29;209.27
ES62;8.546299;6.937321;12.159144;1.939267;1.357831;2.533167;6.522119;5.494578;9.224258;0.084913;0.084913;0.401719;11.24881286;8.218117668;11.81442516;23.14639069;16.91020774;24.31023647;0.199553182;0.145788853;0.209587106;35.33;17.66;62.34;3.23;1.61;5.69;20.94;10.47;36.95;11.16;5.58;19.69;54.68;27.34;96.49;4.99;2.5;8.81;32.41;16.21;57.2;17.27;8.64;30.48
FI19;5.805379;5.909254;25.376944;1.136822;2.275019;4.330575;1.874256;0.839933;3.219978;2.794301;2.794301;17.826392;7.83;6.325;18.27;18.33945954;14.81444209;42.79207226;0.024443924;0.019745571;0.057035823;27.39;13.69;48.33;3.6;1.8;6.35;23.79;11.9;41.99;0;0;0;21.53;10.76;37.99;2.83;1.41;4.99;18.7;9.35;33;0;0;0
FI1B;1.977587;1.546512;6.232681;0.702044;0.507231;0.869067;0.565922;0.329661;0.764208;0.70962;0.70962;4.599406;3.26;2.72;6.11;7.760245841;6.474806346;14.54450984;0.07050173;0.058823529;0.132136678;9.75;4.87;17.2;3.86;1.93;6.81;5.89;2.95;10.4;0;0;0;8.07;4.04;14.25;3.19;1.6;5.64;4.88;2.44;8.61;0;0;0
FI1C;6.4388;5.033164;19.398067;2.285831;1.645692;2.925922;1.963672;1.198175;2.698903;2.189297;2.189297;13.773242;9.705;8.17;19.47;22.96106074;19.32940404;46.06407548;0.055777465;0.046955372;0.111899767;21.23;10.61;37.46;2.93;1.46;5.17;18.3;9.15;32.29;0;0;0;17.3;8.65;30.52;2.39;1.19;4.21;14.91;7.46;26.31;0;0;0
FI1D;8.619571;7.752805;40.440883;2.133633;1.522522;2.689189;0.584378;0.328722;1.034506;5.90156;5.90156;36.717189;9.945635296;9.073963237;13.98009559;22.44851399;20.48104365;31.55478379;0.008779382;0.008009925;0.01234075;13.95;6.97;24.62;3.23;1.61;5.7;10.72;5.36;18.92;0;0;0;10.23;5.12;18.06;2.37;1.18;4.18;7.86;3.93;13.88;0;0;0
FI20;2.1836;0.044644;0.140458;2.143886;0.005239;0.006119;0.001158;0.00085;0.001236;0.038555;0.038555;0.133103;0.025;0.015;0.13;0.080742563;0.048445538;0.419861325;0.004906771;0.002944063;0.025515211;0.15;0.07;0.26;0.07;0.04;0.13;0.08;0.04;0.14;0;0;0;0.14;0.07;0.24;0.07;0.03;0.12;0.07;0.03;0.12;0;0;0
FR10;17.480419;14.623661;21.162039;4.909764;3.323558;6.605706;11.61275;10.342197;12.779558;0.957906;0.957906;1.776775;10.68;1.025;14.1;23.07870149;2.214950283;30.46907219;0.177187889;0.017005392;0.233927831;54.09;27.04;95.45;26.06;13.03;45.98;28.03;14.01;49.46;0;0;0;54.56;27.28;96.29;26.29;13.14;46.39;28.28;14.14;49.9;0;0;0
FR21;33.72521;27.476526;43.080442;8.693417;4.941344;12.52865;21.745244;19.248633;24.480944;3.286549;3.286549;6.070847;57.355;22.875;63.41;120.8356725;48.19311322;133.5923632;0.446168806;0.177946324;0.493271101;81.56;40.78;143.92;3.31;1.65;5.84;78.25;39.12;138.09;0;0;0;80.88;40.44;142.73;3.28;1.64;5.79;77.6;38.8;136.94;0;0;0
FR22;38.921185;33.774179;46.58165;7.709092;4.346906;11.265608;30.055967;28.271147;33.108806;1.156127;1.156127;2.207236;43.47;10.295;50.07;104.2963086;24.70049453;120.1314969;0.446785549;0.105812221;0.514620484;73.56;36.78;129.82;4.73;2.36;8.34;68.83;34.42;121.47;0;0;0;70.75;35.37;124.85;4.55;2.27;8.02;66.2;33.1;116.83;0;0;0
FR23;13.058634;8.890426;17.355922;5.194925;2.165403;8.196294;7.069603;5.930917;7.757172;0.794106;0.794106;1.402456;19.51;3.315;23.565;51.58952723;8.765724386;62.31200457;0.316592292;0.053793103;0.382393509;40.82;20.41;72.04;4.51;2.26;7.96;36.31;18.16;64.08;0;0;0;39.43;19.71;69.58;4.36;2.18;7.69;35.07;17.54;61.89;0;0;0
FR24;35.439282;26.120599;46.232644;12.379878;7.627886;17.575947;19.269061;14.702369;21.529319;3.790343;3.790343;7.127378;95.255;40.535;105.285;217.8546934;92.70631458;240.7939887;0.481511437;0.204903324;0.532212814;138.39;69.2;244.22;6.31;3.16;11.14;132.08;66.04;233.08;0;0;0;144.8;72.4;255.52;6.6;3.3;11.65;138.19;69.1;243.87;0;0;0
FR25;15.400443;7.800662;23.226064;8.191558;1.522928;14.915617;6.534528;5.603378;7.118531;0.674357;0.674357;1.191917;37.785;9.915;44.17;105.7689292;27.75437165;123.6420167;0.426587638;0.111939035;0.498673441;64.6;32.3;114;3.6;1.8;6.36;61;30.5;107.64;0;0;0;62.69;31.34;110.63;3.5;1.75;6.17;59.19;29.6;104.46;0;0;0
FR26;21.303385;14.049737;30.144319;8.039211;3.591894;12.568875;9.199908;6.393578;10.119933;4.064265;4.064265;7.455511;65.44;21.935;74.41;138.2611966;46.34412206;157.2129529;0.412038786;0.138112328;0.468517819;103.12;51.56;181.97;4.04;2.02;7.13;99.08;49.54;174.84;0;0;0;106.75;53.38;188.38;4.18;2.09;7.38;102.57;51.28;181;0;0;0
FR30;19.51088;15.689077;24.589536;5.528908;2.312458;8.816431;13.5883;12.982947;15.022122;0.393672;0.393672;0.750983;22.05;3.2;27.095;53.79930894;7.80760946;66.10849323;0.354672672;0.051471771;0.435821136;53.86;26.93;95.04;9.88;4.94;17.44;43.98;21.99;77.61;0;0;0;50.92;25.46;89.86;9.34;4.67;16.49;41.58;20.79;73.38;0;0;0
FR41;16.249789;10.252116;24.736881;7.0314;3.028478;11.100947;5.220197;3.225447;5.994986;3.998191;3.998191;7.640947;19.67305263;5.012020898;22.68937307;38.77558674;9.878693191;44.72075432;0.166283937;0.04236346;0.191778996;65.02;32.51;114.74;5.72;2.86;10.1;59.3;29.65;104.64;0;0;0;63.21;31.6;111.54;5.56;2.78;9.82;57.64;28.82;101.72;0;0;0
FR42;6.20937;5.029434;9.169558;1.994125;1.015978;3.037253;2.441208;2.239419;2.810292;1.774037;1.774037;3.322014;1.199058827;0.246235295;1.470274514;2.363344947;0.485329766;2.897911066;0.0288478;0.005924102;0.035372898;19;9.5;33.53;4.55;2.28;8.04;14.44;7.22;25.49;0;0;0;19;9.5;33.54;4.56;2.28;8.04;14.45;7.22;25.49;0;0;0
FR43;7.919169;5.60735;13.753467;2.992389;1.084197;5.000986;2.018642;1.615014;2.998247;2.908139;2.908139;5.754233;11.6567642;2.494967547;13.95426573;23.5564512;5.041929324;28.19933336;0.142834998;0.030571836;0.170987204;37.16;18.58;65.58;2.91;1.46;5.14;34.25;17.13;60.44;0;0;0;38.76;19.38;68.41;3.04;1.52;5.36;35.73;17.86;63.05;0;0;0
FR51;24.920222;13.206403;38.211647;14.9602;4.478258;25.558581;8.535608;7.303731;9.941964;1.424414;1.424414;2.711103;57.945;8.45;72.715;155.3250492;22.650732;194.9169204;0.358681523;0.052305788;0.450108326;125.41;62.71;221.32;9.02;4.51;15.91;116.4;58.2;205.41;0;0;0;135.2;67.6;238.59;9.72;4.86;17.15;125.48;62.74;221.43;0;0;0
FR52;26.888062;15.212303;40.469833;19.002767;8.274367;30.490614;6.565369;5.618011;7.449667;1.319926;1.319926;2.529553;40.19;5.095;52.71;109.4150143;13.87085091;143.5000101;0.295330125;0.037439835;0.387331447;104.41;52.21;184.26;8.01;4;14.13;96.41;48.2;170.13;0;0;0;104.76;52.38;184.87;8.04;4.02;14.18;96.72;48.36;170.69;0;0;0
FR53;20.619557;14.449354;28.628281;9.138806;4.203186;14.328956;9.870514;8.635931;11.282619;1.610237;1.610237;3.016706;56.54;13.045;66.855;141.349689;32.61242825;167.1371323;0.435878657;0.100566627;0.515399144;100.15;50.07;176.74;4.43;2.21;7.81;95.72;47.86;168.92;0;0;0;112.21;56.1;198.01;4.96;2.48;8.75;107.25;53.62;189.26;0;0;0
FR61;22.724299;19.201036;37.726253;6.297394;3.743808;9.299878;6.766608;5.796931;8.301608;9.660297;9.660297;20.124767;33.83355884;14.49818138;38.24977943;71.70893881;30.72834301;81.06895008;0.162302403;0.069548985;0.183487381;107.41;53.7;189.54;8.15;4.07;14.38;99.26;49.63;175.17;0;0;0;123.65;61.83;218.21;9.38;4.69;16.55;114.28;57.14;201.66;0;0;0
FR62;19.677477;15.634466;30.565025;6.793506;2.751583;11.135692;9.269825;9.268736;12.730192;3.614147;3.614147;6.699142;76.9840757;37.36661159;85.33559948;174.9190606;84.90239752;193.8949421;0.337834671;0.163978548;0.374484254;142.13;71.07;250.82;7.23;3.61;12.76;134.9;67.45;238.06;0;0;0;165.74;82.87;292.47;8.43;4.22;14.88;157.3;78.65;277.6;0;0;0
FR63;7.638209;5.273823;13.312175;3.016958;0.860742;5.164483;1.779186;1.571017;3.009889;2.842065;2.842065;5.137803;26.86307538;10.32012868;30.50366546;56.7715678;21.81023121;64.46547489;0.314684887;0.120894145;0.357332226;48.97;24.48;86.41;1.81;0.91;3.2;47.15;23.58;83.21;0;0;0;52.47;26.23;92.59;1.94;0.97;3.43;50.53;25.26;89.16;0;0;0
FR71;14.219184;10.353293;24.596356;5.757583;2.521133;9.094186;3.571578;2.942136;6.334275;4.890023;4.890023;9.167894;29.29286621;7.458493144;36.3784347;73.12437855;18.61878835;90.81222748;0.130358534;0.033191639;0.161890591;100.71;50.35;177.72;15.72;7.86;27.74;84.45;42.23;149.03;0.54;0.27;0.95;113.9;56.95;201.01;17.78;8.89;31.37;95.52;47.76;168.56;0.61;0.31;1.08
FR72;12.169338;8.298621;21.778506;5.069464;1.655886;8.795589;3.441678;2.984539;6.149675;3.658196;3.658196;6.833242;44.04;14.615;50.165;101.7107199;33.7534553;115.8564547;0.337212864;0.111906585;0.384111792;69.73;34.86;123.05;3.32;1.66;5.86;66.41;33.2;117.19;0;0;0;74.92;37.46;132.22;3.57;1.78;6.3;71.35;35.68;125.92;0;0;0
FR81;6.554245;5.22672;11.040839;1.714308;0.907825;2.515683;2.479642;1.9586;4.202608;2.360295;2.360295;4.322547;42.07;17.49;47.49;119.8238903;49.81506635;135.2611493;0.304998731;0.126798855;0.344292602;61.33;30.67;108.23;6.72;3.36;11.86;50.63;25.31;89.34;3.98;1.99;7.03;76.6;38.3;135.18;8.39;4.2;14.81;63.23;31.62;111.59;4.97;2.49;8.78
FR82;4.919849;4.323933;8.535408;1.155603;0.786164;1.632403;1.359903;1.133425;2.379247;2.404344;2.404344;4.523758;19.07592494;10.66147392;21.08208219;50.67610364;28.32271351;56.00555597;0.120894385;0.067567488;0.133608481;46.9;23.45;82.77;12.08;6.04;21.31;24.4;12.2;43.07;10.42;5.21;18.4;63.91;31.95;112.78;16.45;8.23;29.04;33.25;16.63;58.68;14.2;7.1;25.07
FR83;0.629111;0.485358;1.226769;0.270356;0.182158;0.340244;0.084833;0.029278;0.335;0.273922;0.273922;0.551525;1.913675896;1.25375029;2.022038064;4.159275609;2.724961427;4.394795179;0.044785301;0.029341219;0.047321275;6.16;3.08;10.88;0.79;0.39;1.39;5.24;2.62;9.24;0.14;0.07;0.24;7.99;4;14.1;1.02;0.51;1.8;6.79;3.4;11.98;0.18;0.09;0.32
HR03;2.861956;2.559102;6.005772;0.784647;0.481793;1.103624;0.625381;0.625381;0.687942;1.451928;1.451928;4.214207;14.35340441;7.066196951;16.11534926;33.15651281;16.32298813;37.22662366;0.119467347;0.058813908;0.1341325;25.23;12.61;44.52;3.42;1.71;6.04;21.75;10.88;38.39;0.06;0.03;0.1;30.09;15.05;53.1;4.08;2.04;7.2;25.94;12.97;45.78;0.07;0.03;0.12
HR04;15.95637;14.549658;21.151081;3.453012;2.0463;5.000758;10.580286;10.580286;11.638325;1.923072;1.923072;4.511998;9.955102926;3.685024504;11.48694116;19.62150787;7.263183298;22.64076102;0.063424458;0.023477475;0.073183876;74.23;37.11;130.99;6.91;3.45;12.19;67.32;33.66;118.8;0;0;0;82.44;41.22;145.49;7.67;3.84;13.54;74.77;37.39;131.95;0;0;0
HU10;5.88763;4.472422;9.669417;1.461008;0.999817;1.957381;3.990044;3.036028;6.402939;0.436577;0.436577;1.309097;1.914740196;1.55317647;3.625485294;3.773952926;3.061310823;7.145831514;0.055531908;0.045045721;0.105147485;25.11;12.55;44.3;7.1;3.55;12.53;18.01;9;31.78;0;0;0;27.57;13.79;48.66;7.8;3.9;13.76;19.78;9.89;34.9;0;0;0
HU21;9.654361;7.749097;13.220642;4.357253;3.374767;5.474869;4.660339;3.737561;5.895794;0.636769;0.636769;1.849978;13.18;10.19;25.88;27.24712564;21.06587331;53.50194322;0.237093002;0.18330635;0.465551358;36.38;18.19;64.19;2.64;1.32;4.67;33.73;16.87;59.53;0;0;0;39.87;19.94;70.36;2.9;1.45;5.12;36.97;18.49;65.25;0;0;0
HU22;9.169749;7.193874;13.592303;3.908978;2.844764;5.109311;4.215458;3.303797;5.364778;1.045313;1.045313;3.118214;10.33362111;7.516701556;23.29243425;22.65868755;16.48198538;51.07367345;0.182459982;0.132721843;0.411272786;34.77;17.38;61.35;2.43;1.21;4.28;32.34;16.17;57.07;0;0;0;37.89;18.94;66.86;2.65;1.32;4.67;35.24;17.62;62.19;0;0;0
HU23;12.636163;10.347357;17.197308;5.122469;3.838119;6.599586;6.468381;5.463925;7.570803;1.045313;1.045313;3.026919;17.43846925;13.97122326;30.66734625;35.24774893;28.23952966;61.98680088;0.245560364;0.196736228;0.43184322;45.18;22.59;79.72;2.27;1.13;4;42.91;21.46;75.73;0;0;0;50.63;25.31;89.35;2.54;1.27;4.48;48.09;24.05;84.87;0;0;0
HU31;9.078065;6.755838;14.2713;2.573972;1.8424;3.4143;5.458781;3.868125;7.974064;1.045313;1.045313;2.882936;0;0;0;0;0;0;0;0;0;39.33;19.67;69.41;2.88;1.44;5.08;36.45;18.23;64.33;0;0;0;41.58;20.79;73.38;3.04;1.52;5.37;38.54;19.27;68.01;0;0;0
HU32;15.447452;12.169091;21.187172;7.090031;5.573644;8.845239;7.702469;5.940494;10.322719;0.654952;0.654952;2.019214;0;0;0;0;0;0;0;0;0;66.94;33.47;118.13;3.64;1.82;6.43;63.3;31.65;111.7;0;0;0;73.43;36.72;129.59;4;2;7.05;69.44;34.72;122.53;0;0;0
HU33;17.257686;13.011067;23.454047;7.349483;5.534517;9.413447;9.216883;6.785231;11.88025;0.691319;0.691319;2.16035;10.21048189;8.938081436;14.92974885;20.1248598;17.61695851;29.42653498;0.111547298;0.097646599;0.163104264;73.69;36.85;130.05;3.16;1.58;5.57;70.54;35.27;124.48;0;0;0;83.78;41.89;147.85;3.59;1.79;6.33;80.19;40.1;141.52;0;0;0
IE01;4.620592;2.941106;9.898425;2.400833;1.313572;3.513703;1.939592;1.347367;2.864089;0.280167;0.280167;3.520633;71.64;35.185;78.49;279.7514508;137.3960748;306.5004379;0.435091555;0.213689229;0.476693693;98.03;49.01;172.99;3;1.5;5.3;95.03;47.51;167.7;0;0;0;77.03;38.51;135.93;2.36;1.18;4.16;74.67;37.33;131.77;0;0;0
IE02;7.421119;3.448975;13.226186;3.968778;1.102103;6.860247;3.274175;2.168706;4.134953;0.178167;0.178167;2.230986;74.86;35.715;85.025;293.3357285;139.9477096;333.1668489;0.413774044;0.197407694;0.469959098;128.58;64.29;226.91;8.21;4.1;14.49;120.38;60.19;212.43;0;0;0;107.05;53.53;188.92;6.83;3.42;12.06;100.22;50.11;176.86;0;0;0
ITC1;18.866927;11.697982;30.938422;11.070775;5.123686;17.446969;6.053281;4.831425;9.183608;1.742871;1.742871;4.307844;4.939936759;2.746882643;7.50784909;11.78118573;6.5510018;17.90536375;0.038930859;0.021647747;0.05916817;64.35;32.17;113.55;9.79;4.89;17.27;54.56;27.28;96.28;0;0;0;74.22;37.11;130.98;11.29;5.64;19.92;62.94;31.47;111.06;0;0;0
ITC2;0.307044;0.24678;0.941089;0.073406;0.040919;0.131078;0.111178;0.0834;0.500094;0.122461;0.122461;0.309917;1.281211539;1.090581448;1.438592195;3.138052981;2.671145444;3.523523157;0.078626053;0.066927367;0.088284271;2.44;1.22;4.31;0.31;0.16;0.55;2.13;1.06;3.75;0;0;0;2.26;1.13;3.98;0.29;0.14;0.51;1.97;0.98;3.47;0;0;0
ITC3;1.683061;1.55945;3.806858;0.309831;0.269553;0.373983;0.200992;0.117658;0.507231;1.172239;1.172239;2.925644;0.311213333;0.194912157;0.475973333;0.702558869;0.440010918;1.074501799;0.011616772;0.007275556;0.017766828;6.7;3.35;11.82;3.51;1.76;6.2;3.19;1.59;5.63;0;0;0;8.15;4.07;14.38;4.27;2.14;7.54;3.88;1.94;6.84;0;0;0
ITC4;19.600474;13.990699;27.828414;10.742092;5.9537;15.736442;7.526728;6.705344;8.943256;1.331655;1.331655;3.148717;1.679301896;0.791038238;3.080162404;3.309904037;1.559136367;6.071000099;0.01408574;0.006635114;0.025835954;76.04;38.02;134.18;22;11;38.82;54.04;27.02;95.36;0;0;0;93.23;46.61;164.52;26.97;13.48;47.59;66.26;33.13;116.92;0;0;0
ITF1;3.151684;2.454618;5.29345;0.947317;0.582692;1.27075;1.492797;1.160356;2.317128;0.71157;0.71157;1.705572;2.100786228;1.130702296;3.473690821;4.582853586;2.466620832;7.577837391;0.038932287;0.020954453;0.064375293;23.89;11.94;42.15;3.15;1.57;5.56;20.74;10.37;36.59;0;0;0;28.96;14.48;51.1;3.82;1.91;6.74;25.14;12.57;44.36;0;0;0
ITF2;2.441762;1.953556;3.494642;0.995297;0.625253;1.272622;1.268572;1.150411;1.823197;0.177893;0.177893;0.398822;3.373364494;2.318199578;4.4827563;7.094834718;4.875619839;9.428099183;0.152330752;0.104682754;0.202427469;13.75;6.88;24.27;0.75;0.37;1.32;13.01;6.5;22.95;0;0;0;17.25;8.62;30.44;0.94;0.47;1.66;16.31;8.15;28.78;0;0;0
ITF3;4.548909;3.007864;7.940683;1.746047;0.842661;2.644528;1.845469;1.207811;3.11055;0.957392;0.957392;2.185606;4.545485296;2.79682059;6.796500003;9.87575377;6.076515417;14.76642342;0.066894559;0.041159979;0.100022075;43.12;21.56;76.09;12.95;6.47;22.85;29.71;14.85;52.43;0.46;0.23;0.82;54.7;27.35;96.53;16.42;8.21;28.98;37.69;18.84;66.51;0.59;0.29;1.04
ITF4;10.373436;7.36295;15.259769;2.601006;1.375028;3.936803;7.576061;5.791553;10.847525;0.19637;0.19637;0.475442;42.22948529;30.17777206;54.75286397;86.73054879;61.9788452;112.4509548;0.440234405;0.314597572;0.570788261;86.83;43.41;153.22;9.02;4.51;15.92;75.59;37.79;133.39;2.22;1.11;3.92;116.74;58.37;206.01;12.13;6.06;21.4;101.63;50.81;179.34;2.98;1.49;5.26
ITF5;4.41864;3.352515;6.637036;0.639428;0.350814;1.038072;3.386472;2.608961;4.680697;0.39274;0.39274;0.918267;13.19878675;10.95172058;15.14354305;28.04662194;23.2717425;32.17911122;0.26431935;0.219319527;0.303265106;29.58;14.79;52.2;1.29;0.64;2.27;28.29;14.14;49.92;0;0;0;36.52;18.26;64.44;1.59;0.8;2.81;34.93;17.46;61.63;0;0;0
ITF6;3.150281;2.234234;6.072703;0.855222;0.522411;1.163883;1.263758;0.680522;2.551247;1.031301;1.031301;2.357572;9.882726904;7.277844547;12.25449581;21.60402008;15.90964733;26.78879789;0.131480435;0.096824912;0.163034601;38.74;19.37;68.37;4.37;2.18;7.71;33.97;16.99;59.95;0.4;0.2;0.71;52.1;26.05;91.95;5.87;2.94;10.37;45.69;22.84;80.63;0.54;0.27;0.96
ITG1;7.311453;3.622714;13.725161;2.439219;1.221914;3.627181;4.461017;1.989583;9.048775;0.411217;0.411217;1.049206;37.58895707;29.43449886;45.11635452;80.38242946;62.94445796;96.47945746;0.292703294;0.229204944;0.351318755;101.93;50.96;179.87;11.24;5.62;19.83;79.22;39.61;139.8;11.47;5.73;20.24;142.27;71.14;251.07;15.69;7.84;27.68;110.58;55.29;195.14;16.01;8.01;28.25
ITG2;2.557921;1.290135;5.955831;0.721742;0.155189;1.288158;1.584378;0.883144;4.037244;0.251801;0.251801;0.630428;41.93511764;32.51594117;50.13958823;93.3878812;72.41174037;111.6589191;0.351642427;0.272658934;0.420440134;59.15;29.58;104.39;4.08;2.04;7.21;50.76;25.38;89.57;4.31;2.16;7.61;79.58;39.79;140.43;5.49;2.75;9.7;68.28;34.14;120.49;5.8;2.9;10.24
ITH1;1.229631;1.051112;2.833639;0.202742;0.163111;0.26605;0.389228;0.250339;1.000344;0.637662;0.637662;1.567244;1.578568011;1.274328581;1.910623616;3.699759173;2.986699861;4.478012479;0.04252035;0.034325349;0.051464609;6.09;3.05;10.76;1.14;0.57;2.01;4.96;2.48;8.75;0;0;0;6.58;3.29;11.62;1.23;0.61;2.17;5.35;2.68;9.45;0;0;0
ITH2;1.858437;1.770359;4.042997;0.293853;0.289108;0.325125;0.195975;0.112642;0.557228;1.368609;1.368609;3.160644;0.686277249;0.570791522;0.861496972;1.596057745;1.327475494;2.00356185;0.022166578;0.018436419;0.02782613;5.95;2.97;10.49;1.28;0.64;2.26;4.67;2.33;8.24;0;0;0;6.73;3.36;11.88;1.45;0.72;2.56;5.28;2.64;9.32;0;0;0
ITH3;23.661831;17.585197;32.093694;8.632328;4.822181;12.832522;13.734803;11.468317;16.297236;1.2947;1.2947;2.963936;0;0;0;0;0;0;0;0;0;62.36;31.18;110.05;11.87;5.93;20.94;50.5;25.25;89.11;0;0;0;71.87;35.93;126.83;13.68;6.84;24.13;58.19;29.1;102.69;0;0;0
ITH4;5.043316;3.511685;8.591519;1.838867;1.113564;2.674228;1.995256;1.188928;3.080911;1.209194;1.209194;2.836381;1.073719015;0.582810393;1.684099939;2.33534356;1.267615156;3.662924742;0.02780215;0.015090896;0.043606938;18.85;9.43;33.27;3.04;1.52;5.36;15.82;7.91;27.91;0;0;0;21.39;10.7;37.75;3.45;1.72;6.08;17.94;8.97;31.67;0;0;0
ITH5;23.241362;19.975456;29.521472;4.708936;2.786831;6.741333;17.163817;15.820017;19.685775;1.368609;1.368609;3.094364;0;0;0;0;0;0;0;0;0;78.14;39.07;137.9;9.81;4.9;17.31;68.33;34.17;120.59;0;0;0;95.97;47.98;169.35;12.04;6.02;21.25;83.92;41.96;148.1;0;0;0
ITI1;7.13135;4.795992;13.688972;1.507267;0.789831;2.413022;3.599336;1.981414;6.323164;2.024748;2.024748;4.952786;3.827258052;2.723738131;5.080620476;7.54352562;5.368487857;10.01390296;0.033493113;0.023835986;0.044461543;54.69;27.35;96.52;8.27;4.14;14.6;45.83;22.92;80.88;0.59;0.29;1.04;69.56;34.78;122.75;10.52;5.26;18.56;58.29;29.15;102.87;0.75;0.37;1.32
ITI2;3.185571;1.98711;4.980144;0.958722;0.389753;1.526147;1.944972;1.315481;2.783886;0.281876;0.281876;0.670111;2.787519606;1.885570587;3.777059475;6.038265241;4.084482602;8.181785301;0.065557846;0.044345498;0.088830185;23.53;11.77;41.53;2.1;1.05;3.7;21.44;10.72;37.83;0;0;0;29.99;14.99;52.92;2.67;1.34;4.72;27.31;13.66;48.2;0;0;0
ITI3;5.7614;4.4861;8.558933;1.249864;0.711625;1.787036;3.977858;3.240797;5.511678;0.533678;0.533678;1.260219;2.555490445;1.509057355;3.75672133;5.036871668;2.974352048;7.404497741;0.05449969;0.032182925;0.080117751;33.52;16.76;59.16;3.43;1.71;6.05;30.1;15.05;53.11;0;0;0;41.95;20.98;74.04;4.29;2.14;7.57;37.66;18.83;66.47;0;0;0
ITI4;4.935063;3.178169;8.239467;1.514742;0.714797;2.2748;2.211128;1.254178;3.104514;1.209194;1.209194;2.860153;2.713831368;1.564294115;4.274145091;5.348961626;3.083223701;8.424339974;0.031664796;0.018252075;0.049870429;56.04;28.02;98.89;12.95;6.47;22.85;41.15;20.58;72.62;1.94;0.97;3.42;73.05;36.52;128.91;16.88;8.44;29.79;53.65;26.82;94.67;2.53;1.26;4.46
LT00;40.818094;32.314442;55.894925;8.744633;6.962208;10.692925;27.409572;20.688344;32.522736;4.663889;4.663889;12.679264;128.31;57.305;142.38;322.9040508;144.2133632;358.3125146;0.395426599;0.176602925;0.438787617;186.67;93.34;329.43;7.39;3.69;13.04;179.29;89.64;316.39;0;0;0;160.95;80.47;284.02;6.37;3.19;11.24;154.58;77.29;272.78;0;0;0
LU00;0.988181;0.468508;2.447156;0.575398;0.088105;1.083546;0.132228;0.099847;0.145447;0.280556;0.280556;1.218163;0.693806723;0.066252101;0.885201681;1.36749305;0.130582891;1.744732513;0.053246871;0.005084582;0.067935662;6.18;3.09;10.9;1.34;0.67;2.37;4.83;2.42;8.53;0;0;0;5.54;2.77;9.77;1.2;0.6;2.12;4.34;2.17;7.65;0;0;0
LV00;19.811339;16.390294;38.614811;5.327389;4.045153;6.663042;4.417283;2.278475;7.325697;10.066667;10.066667;24.626072;79.455;50.88;84.96;192.8324857;123.4826867;206.1927882;0.246486738;0.157840856;0.263564449;96.4;48.2;170.12;4.9;2.45;8.66;91.49;45.75;161.46;0;0;0;82.43;41.21;145.46;4.19;2.1;7.4;78.23;39.12;138.06;0;0;0
MT00;0.123689;0.010629;0.238712;0.123689;0.010629;0.238712;0;0;0;0;0;0;0.05;0;0.105;0.119022175;0;0.249946569;0.035087719;0;0.073684211;1.54;0.77;2.72;0.93;0.46;1.63;0.4;0.2;0.71;0.21;0.11;0.38;2.37;1.19;4.18;1.42;0.71;2.51;0.62;0.31;1.09;0.33;0.16;0.58
NL11;2.481381;1.869095;3.318358;0.830408;0.354747;1.415289;1.638053;1.501428;1.868461;0.01292;0.01292;0.034608;5.21;0.46;5.21;15.68718626;1.385049075;15.68718626;0.435618729;0.038461538;0.435618729;10.9;5.45;19.23;1.42;0.71;2.51;9.48;4.74;16.72;0;0;0;9.46;4.73;16.69;1.23;0.62;2.18;8.22;4.11;14.51;0;0;0
NL12;2.419417;1.443198;3.801106;1.528639;0.609417;2.446444;0.877858;0.820861;1.315661;0.01292;0.01292;0.039;4.265;0.405;4.265;13.41741278;1.274103675;13.41741278;0.245679724;0.023329493;0.245679724;8.6;4.3;15.18;1.57;0.79;2.78;7.03;3.51;12.4;0;0;0;7.73;3.87;13.64;1.41;0.71;2.5;6.32;3.16;11.14;0;0;0
NL13;2.533858;2.055331;3.126122;0.9046;0.509406;1.296239;1.473875;1.390542;1.646289;0.155383;0.155383;0.183594;5.78;0.505;5.78;14.14870305;1.236175613;14.14870305;0.42830678;0.037421267;0.42830678;10.62;5.31;18.74;1.19;0.6;2.1;9.43;4.71;16.64;0;0;0;9.1;4.55;16.06;1.02;0.51;1.8;8.08;4.04;14.26;0;0;0
NL21;2.812726;1.808065;4.063986;1.852044;0.880203;2.808522;0.751681;0.718861;0.987947;0.209001;0.209001;0.267517;6.125;0.515;6.125;14.96153894;1.257990621;14.96153894;0.357142857;0.030029155;0.357142857;13.83;6.91;24.4;2.69;1.35;4.75;11.13;5.57;19.65;0;0;0;12.13;6.06;21.4;2.36;1.18;4.17;9.76;4.88;17.23;0;0;0
NL22;4.074763;2.834463;5.735369;2.572219;1.396369;3.718025;1.0994;1.03495;1.345464;0.403144;0.403144;0.671881;6.05;0.56;6.05;13.49432348;1.249061347;13.49432348;0.236005461;0.021845134;0.236005461;17.44;8.72;30.77;4.78;2.39;8.44;12.65;6.33;22.33;0;0;0;15.38;7.69;27.14;4.22;2.11;7.45;11.16;5.58;19.69;0;0;0
NL23;1.466072;1.24535;1.750733;0.384725;0.193581;0.562456;1.081347;1.051769;1.186694;0;0;0.001583;2.865;0.31;2.865;8.893106831;0.962255888;8.893106831;0.369916075;0.040025823;0.369916075;5.8;2.9;10.23;0.97;0.48;1.71;4.83;2.41;8.52;0;0;0;5.3;2.65;9.36;0.89;0.44;1.56;4.42;2.21;7.8;0;0;0
NL31;0.654979;0.376543;1.115569;0.39975;0.149092;0.678136;0.229389;0.201611;0.341225;0.02584;0.02584;0.096208;1.645;0.07;1.645;4.592485708;0.195424924;4.592485708;0.22815534;0.009708738;0.22815534;6.56;3.28;11.58;2.72;1.36;4.8;3.84;1.92;6.78;0;0;0;5.84;2.92;10.3;2.42;1.21;4.27;3.42;1.71;6.03;0;0;0
NL32;1.25552;0.941534;1.778631;0.368472;0.108539;0.651089;0.874128;0.820075;1.080958;0.01292;0.01292;0.046583;3.29;0.12;3.295;11.25346556;0.41046075;11.27056809;0.233913971;0.008531817;0.234269463;13.62;6.81;24.04;5.95;2.97;10.5;7.67;3.84;13.54;0;0;0;12.58;6.29;22.2;5.49;2.75;9.7;7.08;3.54;12.5;0;0;0
NL33;1.10465;0.778869;1.661406;0.415833;0.086547;0.759692;0.688817;0.692322;0.896569;0;0;0.005144;3.33;0.25;3.33;9.649974116;0.724472531;9.649974116;0.219512195;0.016479895;0.219512195;15.05;7.52;26.55;7.76;3.88;13.7;7.28;3.64;12.85;0;0;0;13.87;6.93;24.47;7.15;3.58;12.63;6.71;3.36;11.84;0;0;0
NL34;2.245758;1.919444;2.624992;0.543536;0.357911;0.749739;1.702222;1.561533;1.869669;0;0;0.005583;3.2;0.43;3.205;9.2732484;1.246092754;9.287737851;0.359348681;0.048287479;0.359910163;5.82;2.91;10.27;0.93;0.46;1.64;4.89;2.45;8.63;0;0;0;5.52;2.76;9.74;0.88;0.44;1.55;4.64;2.32;8.18;0;0;0
NL41;5.763789;4.336825;7.586158;4.037494;2.654175;5.408856;1.465614;1.421969;1.653897;0.26068;0.26068;0.523406;4.95;0.205;4.95;13.81933389;0.572315848;13.81933389;0.198198198;0.008208208;0.198198198;18.12;9.06;31.98;5.96;2.98;10.52;12.16;6.08;21.47;0;0;0;16.29;8.14;28.74;5.36;2.68;9.45;10.93;5.47;19.29;0;0;0
NL42;2.98857;2.600209;3.532225;1.818178;1.4614;2.190522;1.002089;0.970506;1.113433;0.168303;0.168303;0.228269;2.155;0.04;2.16;4.247505;0.07884;4.25736;0.19467028;0.003613369;0.195121951;8.47;4.23;14.94;2.72;1.36;4.8;5.75;2.87;10.14;0;0;0;7.68;3.84;13.55;2.47;1.23;4.35;5.21;2.61;9.2;0;0;0
PL11;8.725758;6.105522;13.994628;3.310886;2.164942;4.565978;5.056003;3.581711;6.808853;0.358869;0.358869;2.619797;5.67;6.68;36.3;12.26091506;14.44495813;78.49580543;0.062256382;0.073346143;0.398572605;63.11;31.56;111.38;6.06;3.03;10.7;57.05;28.52;100.67;0;0;0;58.7;29.35;103.59;5.64;2.82;9.95;53.06;26.53;93.64;0;0;0
PL12;14.256877;9.087644;26.750728;5.408364;3.417392;7.447758;8.334342;5.156081;15.148336;0.514172;0.514172;4.154633;9.29;10.745;55.975;21.04669581;24.34302976;126.8125724;0.052289421;0.060478991;0.315059241;104.62;52.31;184.63;12.77;6.38;22.53;91.86;45.93;162.1;0;0;0;95.28;47.64;168.14;11.63;5.81;20.52;83.65;41.83;147.63;0;0;0
PL21;5.054168;3.523985;9.474144;1.054753;0.622186;1.455539;3.628481;2.530864;5.485764;0.370935;0.370935;2.532842;1.229128677;1.417053309;8.768969673;2.51146498;2.895449295;17.91753838;0.016195121;0.018671234;0.115540809;43.57;21.78;76.89;7.84;3.92;13.83;35.73;17.87;63.05;0;0;0;39.72;19.86;70.1;7.15;3.57;12.61;32.58;16.29;57.49;0;0;0
PL22;5.26304;3.755251;10.334867;1.658233;1.176214;2.136739;3.118789;2.093019;4.514;0.486017;0.486017;3.684128;0.30474895;0.390703782;7.321788865;0.626598809;0.803331807;15.05443806;0.004943612;0.006337964;0.118773443;35.07;17.54;61.89;10.88;5.44;19.19;24.19;12.1;42.7;0;0;0;31.88;15.94;56.27;9.89;4.94;17.45;22;11;38.82;0;0;0
PL31;15.311452;11.225927;23.913111;3.647725;2.423575;4.9527;11.186575;8.3252;15.324658;0.477152;0.477152;3.635753;12.16;13.75;49.8;28.5915222;32.33005183;117.0935696;0.09682685;0.109487598;0.396544173;78.26;39.13;138.1;5.2;2.6;9.18;73.05;36.53;128.92;0;0;0;72.75;36.38;128.39;4.84;2.42;8.54;67.92;33.96;119.85;0;0;0
PL32;8.169561;5.909286;16.175292;1.796514;1.2982;2.285622;5.570025;3.808064;8.202075;0.803022;0.803022;5.687594;2.816572399;3.233083711;15.64990046;5.819527445;6.680112109;32.33541067;0.031671791;0.036355377;0.175979989;42.86;21.43;75.63;5.08;2.54;8.96;37.78;18.89;66.67;0;0;0;40.06;20.03;70.69;4.75;2.37;8.37;35.31;17.66;62.32;0;0;0
PL33;4.856504;3.232951;9.974286;1.360392;0.845442;1.871578;3.170242;2.061639;5.831706;0.325871;0.325871;2.271003;1.908001336;2.326382351;16.35823796;3.947362456;4.812928682;33.84268824;0.032660071;0.039821677;0.28001092;32.2;16.1;56.82;3.05;1.53;5.39;29.14;14.57;51.43;0;0;0;29.81;14.91;52.61;2.83;1.41;4.99;26.98;13.49;47.62;0;0;0
PL34;5.759747;4.107459;12.343294;1.372519;0.894253;2.138244;3.743531;2.569508;6.017883;0.643697;0.643697;4.187167;7.535;8.635;37;18.67966153;21.40661942;91.72494713;0.074537541;0.085418934;0.366010486;55.44;27.72;97.84;2.84;1.42;5.01;52.6;26.3;92.83;0;0;0;49.2;24.6;86.83;2.52;1.26;4.45;46.68;23.34;82.38;0;0;0
PL41;23.443348;17.314673;34.783775;9.402539;6.951286;11.894711;13.192722;9.5153;16.400856;0.848087;0.848087;6.488208;10.395;11.965;56.02;23.75181449;27.33914963;128.0016015;0.069680922;0.080205121;0.375519507;93.24;46.62;164.54;8.36;4.18;14.75;84.88;42.44;149.79;0;0;0;85.88;42.94;151.56;7.7;3.85;13.59;78.18;39.09;137.97;0;0;0
PL42;12.046021;8.417199;23.100142;4.923889;4.046419;5.824336;6.249092;3.497739;10.654553;0.87304;0.87304;6.621253;10.335;11.79;39.925;24.84380707;28.34141126;95.97377815;0.092421194;0.105432596;0.357031075;57.93;28.97;102.23;4.12;2.06;7.26;53.82;26.91;94.97;0;0;0;52.42;26.21;92.51;3.72;1.86;6.57;48.7;24.35;85.93;0;0;0
PL43;5.110446;3.512532;11.891317;2.051864;1.623458;2.503247;2.336822;1.167314;4.181661;0.72176;0.72176;5.206408;3.369941181;3.744764711;11.43905884;6.894281098;7.661101241;23.40221473;0.048293797;0.053665301;0.163930336;25.48;12.74;44.96;2.46;1.23;4.34;23.02;11.51;40.63;0;0;0;23.08;11.54;40.73;2.23;1.11;3.93;20.85;10.43;36.8;0;0;0
PL51;12.058775;8.473931;21.256667;3.979133;2.918356;5.217975;7.284664;4.760597;10.229783;0.794978;0.794978;5.808908;5.245;6.17;36.125;11.40977593;13.42198617;78.58496765;0.052626298;0.06190739;0.362464255;63.32;31.66;111.75;6.97;3.49;12.3;56.35;28.17;99.44;0;0;0;59.04;29.52;104.19;6.5;3.25;11.47;52.54;26.27;92.72;0;0;0
PL52;8.229984;5.76369;11.764986;2.5146;1.756272;3.324128;5.426533;3.718567;6.638608;0.288851;0.288851;1.80225;2.185;2.695;17.12;4.971919143;6.132412856;38.95618111;0.04628747;0.05709141;0.362673446;27.43;13.72;48.41;2.34;1.17;4.13;25.09;12.55;44.28;0;0;0;25.83;12.91;45.58;2.2;1.1;3.89;23.62;11.81;41.69;0;0;0
PL61;11.320055;8.174594;17.036575;3.285986;2.049833;4.683614;7.622092;5.712783;9.125933;0.411977;0.411977;3.227028;8.24;9.35;35.8;20.63446689;23.41410988;89.64974693;0.091647203;0.103992882;0.398175954;55.56;27.78;98.04;4.66;2.33;8.22;50.9;25.45;89.83;0;0;0;50.42;25.21;88.97;4.22;2.11;7.46;46.19;23.1;81.52;0;0;0
PL62;10.463579;7.337641;19.558386;2.737122;1.847919;3.623406;6.804331;4.567594;8.851458;0.922127;0.922127;7.083522;13.4;15.1;48.89;34.85937975;39.28183838;127.1847072;0.111541183;0.12569193;0.406958838;68.24;34.12;120.42;3.42;1.71;6.03;64.82;32.41;114.39;0;0;0;60.14;30.07;106.14;3.01;1.51;5.32;57.13;28.57;100.82;0;0;0
PL63;8.412332;5.810187;16.961267;3.134228;2.249478;3.935717;4.499214;2.781819;7.199142;0.77889;0.77889;5.826408;7.465;8.445;29.76;20.07291284;22.70807085;80.02275768;0.082240828;0.093037347;0.327861628;47.06;23.53;83.04;5.15;2.57;9.08;41.91;20.96;73.96;0;0;0;42.04;21.02;74.18;4.6;2.3;8.11;37.44;18.72;66.07;0;0;0
PT11;3.938672;2.53533;8.490617;1.357872;0.537864;2.144211;1.314194;0.730861;3.092833;1.266605;1.266605;3.253572;12.61854588;7.067704702;13.70947852;27.13838626;15.20033307;29.48462741;0.118930687;0.066613616;0.129212804;42.1;21.05;74.29;8.3;4.15;14.66;30.87;15.43;54.47;2.93;1.46;5.17;57.22;28.61;100.98;11.29;5.64;19.92;41.95;20.98;74.03;3.98;1.99;7.02
PT15;0.701281;0.465211;1.364614;0.146147;0.048967;0.185033;0.444611;0.305722;0.944667;0.110522;0.110522;0.234914;2.288731284;1.101601604;2.702687166;4.780745839;2.301046577;5.645424833;0.093170417;0.044844356;0.110021867;7.86;3.93;13.87;1.08;0.54;1.9;4.18;2.09;7.38;2.6;1.3;4.59;11.92;5.96;21.04;1.64;0.82;2.89;6.34;3.17;11.19;3.94;1.97;6.96
PT16;8.433548;6.728843;16.320394;2.950778;2.078358;3.885678;1.676556;0.844269;2.788639;3.806215;3.806215;9.646078;4.678852947;2.342294121;5.36938236;9.222019159;4.616661712;10.58305263;0.033288413;0.016664609;0.03820129;43.46;21.73;76.7;5.57;2.78;9.82;27.88;13.94;49.19;10.02;5.01;17.69;61.69;30.84;108.86;7.9;3.95;13.94;39.56;19.78;69.82;14.22;7.11;25.1
PT17;1.014236;0.692169;1.586017;0.4216;0.2369;0.577119;0.447278;0.309911;0.669778;0.145358;0.145358;0.339119;1.05040724;0.34575905;1.334892535;2.070352671;0.681491087;2.631073186;0.075923906;0.024991619;0.096486631;9.8;4.9;17.3;6.1;3.05;10.77;1.38;0.69;2.43;2.33;1.16;4.1;14.5;7.25;25.59;9.02;4.51;15.92;2.04;1.02;3.59;3.44;1.72;6.07
PT18;9.014696;5.537627;16.952597;5.081064;2.764853;7.399022;2.498444;1.337586;5.937167;1.435188;1.435188;3.616408;18.55258264;12.90945659;19.5297283;36.56714038;25.44453893;38.49309448;0.117958944;0.082079454;0.124171721;80.53;40.26;142.11;1.82;0.91;3.22;23.44;11.72;41.36;55.26;27.63;97.52;119.96;59.98;211.69;2.72;1.36;4.79;34.92;17.46;61.62;82.33;41.16;145.28
RO11;16.316327;12.237463;30.326792;2.713331;1.756283;3.792197;11.883158;8.761342;18.835322;1.719838;1.719838;7.699272;9.248260173;4.614848412;10.12259388;18.2283208;9.095866221;19.95163254;0.054202257;0.027046731;0.059326558;108.86;54.43;192.1;6.29;3.14;11.09;102.57;51.29;181.01;0;0;0;111.08;55.54;196.02;6.41;3.21;11.32;104.66;52.33;184.7;0;0;0
RO12;13.225082;10.300735;29.546411;2.253625;1.5392;3.015206;8.968964;6.759042;17.374217;2.002493;2.002493;9.156989;9.998599718;5.867154235;10.76684075;19.70724004;11.564161;21.22144312;0.05858955;0.034380207;0.06309127;95.58;47.79;168.67;5.72;2.86;10.09;89.87;44.93;158.59;0;0;0;98.91;49.45;174.54;5.91;2.96;10.44;92.99;46.5;164.1;0;0;0
RO21;16.524011;11.900452;30.198608;2.962444;1.853697;4.309058;11.684503;8.169692;16.5668;1.877063;1.877063;9.32275;43.05750125;19.34845327;48.07143593;89.74574791;40.32842963;100.1964082;0.234326537;0.105297705;0.261613257;117.07;58.54;206.59;8.07;4.03;14.24;109;54.5;192.36;0;0;0;121.71;60.86;214.78;8.39;4.19;14.8;113.32;56.66;199.98;0;0;0
RO22;28.393571;18.795162;39.379533;5.119883;3.125814;7.591333;22.324536;14.720197;27.393078;0.949151;0.949151;4.395122;56.2815965;37.52221296;59.64822357;116.0354462;77.35933226;122.976402;0.316918726;0.211285618;0.335876027;109.43;54.71;193.1;6.16;3.08;10.86;103.27;51.63;182.24;0;0;0;127.36;63.68;224.75;7.16;3.58;12.64;120.19;60.1;212.1;0;0;0
RO31;23.468333;16.973405;32.476092;5.872008;4.077942;7.992572;16.777119;12.076258;20.121472;0.819205;0.819205;4.362047;30.24589703;19.89570586;32.33933821;59.61466305;39.21443626;63.7408356;0.175792026;0.115635732;0.187959305;131.93;65.97;232.82;7.53;3.76;13.28;124.4;62.2;219.54;0;0;0;154.76;77.38;273.11;8.83;4.42;15.58;145.93;72.97;257.53;0;0;0
RO32;2.710994;2.295183;3.276575;0.528175;0.470308;0.668225;1.967678;1.609733;2.253347;0.215141;0.215141;0.355003;0;0;0;0;0;0;0;0;0;10.4;5.2;18.35;4.93;2.47;8.71;5.46;2.73;9.64;0;0;0;12.29;6.15;21.69;5.83;2.92;10.3;6.46;3.23;11.4;0;0;0
RO41;19.446913;14.281057;29.356011;3.545717;2.315286;4.900097;14.708875;10.77345;19.335342;1.192321;1.192321;5.120572;11.21483821;6.535136014;12.21965071;22.10444611;12.88075308;24.08493154;0.076806069;0.044756607;0.08368764;95.94;47.97;169.3;4.98;2.49;8.79;90.95;45.48;160.51;0;0;0;113.08;56.54;199.55;5.87;2.94;10.36;107.2;53.6;189.18;0;0;0
RO42;28.195192;23.109756;45.315556;5.414594;4.386942;6.460003;19.453033;15.39525;29.120567;3.327565;3.327565;9.734986;8.826372554;5.394323532;9.433467325;17.3967803;10.63221168;18.5933641;0.055225231;0.033751438;0.059023728;92.03;46.01;162.4;4.45;2.22;7.84;87.58;43.79;154.56;0;0;0;101.45;50.72;179.02;4.9;2.45;8.65;96.55;48.27;170.38;0;0;0
SE11;2.013327;1.792204;5.881464;0.727175;0.623564;0.847147;0.372136;0.254625;0.484339;0.914015;0.914015;4.549978;0.065;0.035;1.16;0.165793581;0.089273467;2.958777749;0.001982312;0.001067399;0.035376639;9.02;4.51;15.92;5.28;2.64;9.32;3.74;1.87;6.6;0;0;0;8;4;14.12;4.68;2.34;8.27;3.32;1.66;5.85;0;0;0
SE12;6.763564;5.167014;19.400722;3.12385;2.025875;4.269156;1.576631;1.078056;2.059297;2.063083;2.063083;13.072269;10.83;8.51;24.26;26.1745498;20.56744402;58.63292503;0.050332295;0.039550123;0.11274806;32.37;16.18;57.12;3.98;1.99;7.02;28.39;14.2;50.1;0;0;0;27.33;13.67;48.24;3.36;1.68;5.93;23.98;11.99;42.31;0;0;0
SE21;4.492006;3.355717;19.890272;1.414472;0.571106;2.363361;0.990889;0.697967;1.856689;2.086645;2.086645;15.670222;10.22892067;8.726803212;16.22377612;28.08098819;23.95729383;44.53839077;0.057401351;0.04897196;0.091042515;13.5;6.75;23.82;2.05;1.02;3.61;11.45;5.72;20.21;0;0;0;11.36;5.68;20.05;1.72;0.86;3.04;9.64;4.82;17.01;0;0;0
SE22;6.098007;4.797165;13.441736;2.917225;1.851525;3.977956;2.012419;1.777278;2.299778;1.168362;1.168362;7.164003;6.025;4.185;17.065;16.78590496;11.65958709;47.54381213;0.084342409;0.058584727;0.2388885;24.74;12.37;43.65;3.48;1.74;6.15;21.25;10.63;37.5;0;0;0;21.38;10.69;37.73;3.01;1.51;5.31;18.37;9.18;32.41;0;0;0
SE23;5.768188;4.267858;16.837258;2.739575;1.628361;3.850733;0.900425;0.511308;1.104381;2.128188;2.128188;11.882144;13.895;11.295;25.29;34.69062896;28.19939936;63.139691;0.081169495;0.065981248;0.147734907;31.44;15.72;55.48;4.7;2.35;8.29;26.74;13.37;47.19;0;0;0;26.63;13.31;46.99;3.98;1.99;7.02;22.65;11.32;39.97;0;0;0
SE31;4.924777;4.467614;26.221919;1.136733;0.766542;1.446256;0.242;0.155028;0.327272;3.546044;3.546044;24.448392;7.405929411;6.436794117;11.74895735;17.17376666;14.92641829;27.24490619;0.020604364;0.017908089;0.032687294;13.63;6.81;24.04;2.13;1.06;3.76;11.5;5.75;20.29;0;0;0;11.13;5.56;19.63;1.74;0.87;3.07;9.39;4.69;16.56;0;0;0
SE32;4.289684;4.08082;22.056761;0.932636;0.779328;1.022328;0.252725;0.197169;0.419669;3.104323;3.104323;20.614764;29.365;27.97;33.86;89.80877635;85.54236249;103.5561099;0.076278671;0.072655012;0.087954906;7.9;3.95;13.94;0.94;0.47;1.66;6.96;3.48;12.29;0;0;0;5.74;2.87;10.13;0.68;0.34;1.21;5.06;2.53;8.93;0;0;0
SE33;11.107109;10.828531;32.409039;4.208969;4.041597;4.376003;0.256022;0.144817;0.451033;6.642117;6.642117;27.582003;56.05;54.335;62.055;163.26019;158.2648069;180.751313;0.068081333;0.065998202;0.075375328;8.56;4.28;15.11;1.33;0.67;2.35;7.23;3.62;12.76;0;0;0;6.17;3.08;10.88;0.96;0.48;1.69;5.21;2.6;9.19;0;0;0
SI03;3.700877;3.351024;11.484136;0.563933;0.361344;0.791825;0.638819;0.491556;1.647158;2.498124;2.498124;9.045153;1.898446252;0.749594322;2.232212987;3.741837563;1.477450409;4.399691797;0.031119519;0.012287424;0.036590656;25;12.5;44.11;2.57;1.29;4.54;22.42;11.21;39.57;0;0;0;26.62;13.31;46.98;2.74;1.37;4.83;23.88;11.94;42.15;0;0;0
SI04;1.909565;1.815945;6.352264;0.2448;0.207931;0.38855;0.229556;0.172806;0.674706;1.435209;1.435209;5.289008;0.526083073;0.172608104;0.658223248;1.165679304;0.382459929;1.458471594;0.013086644;0.004293734;0.016373713;10.68;5.34;18.85;2.32;1.16;4.09;8.36;4.18;14.76;0;0;0;11.24;5.62;19.83;2.44;1.22;4.3;8.8;4.4;15.53;0;0;0
SK01;0.735368;0.572335;1.262253;0.315836;0.227722;0.456942;0.397989;0.323069;0.473917;0.021543;0.021543;0.331394;1.985;0.42;2.445;4.522196547;0.956837557;5.57016149;0.193093385;0.040856031;0.237840467;5.76;2.88;10.17;1.5;0.75;2.65;4.26;2.13;7.52;0;0;0;5.96;2.98;10.52;1.56;0.78;2.74;4.4;2.2;7.77;0;0;0
SK02;9.121448;7.310618;12.997386;4.487431;3.367661;5.715908;4.415658;3.724597;4.985031;0.218359;0.218359;2.296447;25.48335294;8.904141712;29.07330482;55.16901122;19.27661149;62.94091218;0.339778039;0.118721889;0.387644064;50.21;25.1;88.6;4.48;2.24;7.91;45.73;22.86;80.69;0;0;0;51.49;25.74;90.86;4.6;2.3;8.11;46.89;23.44;82.75;0;0;0
SK03;3.921283;2.995463;12.030056;1.816661;1.370939;2.317272;1.406458;0.926361;1.991592;0.698163;0.698163;7.721192;1.824107349;0.516737254;2.152657838;3.595315585;1.018489127;4.242888599;0.022435365;0.006355541;0.026476328;28.52;14.26;50.33;3.28;1.64;5.79;25.24;12.62;44.54;0;0;0;27.52;13.76;48.56;3.17;1.58;5.59;24.35;12.18;42.97;0;0;0
SK04;3.898332;2.773226;9.339653;1.707278;1.095339;2.318897;1.751342;1.238175;2.268092;0.439712;0.439712;4.752664;0;0;0;0;0;0;0;0;0;35.39;17.69;62.45;3.93;1.97;6.94;31.46;15.73;55.51;0;0;0;33.92;16.96;59.86;3.77;1.88;6.65;30.15;15.08;53.21;0;0;0
UKC1;0.970372;0.521342;1.523778;0.562147;0.256342;0.784508;0.369264;0.226039;0.417289;0.038961;0.038961;0.321981;1.585;0.615;4.04;5.017286989;1.946770661;12.78854223;0.105210753;0.0408231;0.268171258;10.23;5.12;18.06;2.78;1.39;4.9;7.46;3.73;13.16;0;0;0;8.23;4.11;14.52;2.23;1.12;3.94;6;3;10.58;0;0;0
UKC2;2.017919;1.223488;3.373803;1.188286;0.595647;1.775731;0.692606;0.490814;0.811881;0.137027;0.137027;0.786192;6.52;3.505;10.49;21.7858791;11.71158071;35.05120733;0.233190272;0.125357654;0.375178827;16.64;8.32;29.36;3.29;1.65;5.81;13.34;6.67;23.54;0;0;0;13.03;6.52;23;2.58;1.29;4.55;10.45;5.23;18.44;0;0;0
UKD1;2.400016;1.058758;4.494006;1.773356;0.491611;3.025069;0.489633;0.430119;0.691339;0.137027;0.137027;0.777597;5.185;2.785;9.33;16.64948869;8.942878688;29.95944638;0.153175775;0.082274742;0.27562777;12.8;6.4;22.58;1.2;0.6;2.11;11.6;5.8;20.47;0;0;0;9.65;4.82;17.02;0.9;0.45;1.59;8.74;4.37;15.43;0;0;0
UKD3;0.196962;0.055273;0.371736;0.147758;0.036117;0.259094;0.044556;0.014508;0.074003;0.004648;0.004648;0.038639;0.075;0.025;0.41;0.193563175;0.064521058;1.058145357;0.011792453;0.003930818;0.064465409;7.73;3.86;13.64;5.9;2.95;10.42;1.83;0.91;3.22;0;0;0;5.86;2.93;10.33;4.47;2.24;7.89;1.38;0.69;2.44;0;0;0
UKD4;1.069929;0.447307;1.755506;0.790731;0.200833;1.349158;0.269903;0.237178;0.360775;0.009296;0.009296;0.045572;0.77;0.2;3.17;2.364677411;0.614201925;9.735100511;0.05006502;0.013003901;0.206111834;10.29;5.14;18.16;3.19;1.59;5.62;7.1;3.55;12.54;0;0;0;7.99;4;14.11;2.47;1.24;4.37;5.52;2.76;9.74;0;0;0
UKD6;0.897176;0.427412;1.502292;0.639119;0.1835;1.088433;0.253408;0.239264;0.375994;0.004648;0.004648;0.037864;0.905;0.13;3.835;2.895926243;0.415989405;12.27168745;0.079385965;0.011403509;0.336403509;10.43;5.22;18.41;2.2;1.1;3.89;8.23;4.11;14.52;0;0;0;8.44;4.22;14.89;1.78;0.89;3.15;6.66;3.33;11.75;0;0;0
UKD7;0.127611;0.059572;0.248444;0.089222;0.026306;0.175781;0.038389;0.033267;0.070008;0;0;0.002656;0.01;0;0.165;0.029365163;0;0.484525181;0.002906977;0;0.047965116;4.33;2.17;7.64;3.28;1.64;5.79;1.05;0.53;1.85;0;0;0;3.61;1.8;6.37;2.73;1.37;4.82;0.88;0.44;1.55;0;0;0
UKE1;3.713973;2.677243;4.685064;1.582431;0.828364;2.250942;2.126894;1.844231;2.392381;0.004648;0.004648;0.041742;5.255;2.195;10.155;16.94763118;7.078982006;32.75037006;0.303143928;0.12662244;0.585809057;16.98;8.49;29.96;2.19;1.09;3.86;14.79;7.4;26.1;0;0;0;14.61;7.3;25.78;1.88;0.94;3.32;12.73;6.36;22.46;0;0;0
UKE2;5.95865;4.138383;8.258472;3.577328;2.040906;5.1645;2.342361;2.058517;2.732189;0.038961;0.038961;0.361783;6.595;2.52;13.775;20.44052651;7.8104817;42.69420056;0.158305329;0.060489678;0.330652904;21.7;10.85;38.3;1.94;0.97;3.43;19.76;9.88;34.87;0;0;0;17.39;8.69;30.68;1.56;0.78;2.75;15.83;7.92;27.94;0;0;0
UKE3;1.176021;0.883079;1.527122;0.561011;0.315331;0.793467;0.605714;0.558453;0.657903;0.009296;0.009296;0.075753;0.385;0.075;1.48;1.096337406;0.213572222;4.214491845;0.049741602;0.009689922;0.19121447;6.98;3.49;12.32;2.95;1.47;5.21;4.03;2.02;7.12;0;0;0;5.85;2.92;10.32;2.47;1.24;4.36;3.38;1.69;5.96;0;0;0
UKE4;0.81116;0.503663;1.141467;0.578033;0.298242;0.77335;0.223831;0.196125;0.293453;0.009296;0.009296;0.074664;0.24;0.035;1.38;0.68086224;0.09929241;3.91495788;0.023564065;0.003436426;0.135493373;10.06;5.03;17.76;4.9;2.45;8.65;5.16;2.58;9.11;0;0;0;8.08;4.04;14.25;3.93;1.97;6.94;4.14;2.07;7.31;0;0;0
UKF1;4.541277;3.543441;5.818861;2.161686;1.373061;2.999756;2.359222;2.150011;2.656236;0.020369;0.020369;0.162869;1.895;0.42;6.4;5.485328588;1.21574565;18.525648;0.078909015;0.017489069;0.266500104;18.36;9.18;32.41;5;2.5;8.82;13.37;6.68;23.59;0;0;0;15.26;7.63;26.93;4.15;2.08;7.33;11.11;5.55;19.6;0;0;0
UKF2;4.193249;2.895324;5.437561;2.470667;1.573283;3.418825;1.713286;1.312744;1.937389;0.009296;0.009296;0.081347;4.3;1.26;11.44;12.86715338;3.770375175;34.2326127;0.175081433;0.051302932;0.465798046;24.2;12.1;42.71;4.14;2.07;7.3;20.06;10.03;35.41;0;0;0;21.26;10.63;37.52;3.63;1.82;6.41;17.63;8.81;31.11;0;0;0
UKF3;11.254007;9.50811;13.45;3.195986;2.000533;4.418686;8.0423;7.491856;8.907625;0.015721;0.015721;0.123689;10.05;4.5;18.155;30.87767779;13.82582588;55.77952639;0.340331866;0.152387403;0.61479851;26.33;13.17;46.47;1.76;0.88;3.11;24.57;12.29;43.36;0;0;0;23.2;11.6;40.94;1.55;0.78;2.74;21.65;10.82;38.2;0;0;0
UKG1;4.191248;2.600829;5.816914;2.416511;1.131442;3.726;1.759017;1.453667;1.965444;0.015721;0.015721;0.125469;3.735;1.135;11.185;10.98526995;3.33822795;32.89698645;0.125461874;0.03812563;0.375713806;26;13;45.88;3.19;1.59;5.62;22.81;11.41;40.26;0;0;0;22.43;11.21;39.58;2.75;1.37;4.85;19.68;9.84;34.73;0;0;0
UKG2;4.566954;2.906132;6.450589;2.666486;1.234986;4.062622;1.870803;1.641481;2.113444;0.029665;0.029665;0.274522;4.12;1.285;11.32;12.67365045;3.952825444;34.82177745;0.133333333;0.041585761;0.366343042;24.48;12.24;43.19;3.82;1.91;6.74;20.66;10.33;36.45;0;0;0;20.2;10.1;35.64;3.15;1.58;5.56;17.04;8.52;30.08;0;0;0
UKG3;0.15559;0.06292;0.223892;0.100319;0.042994;0.128892;0.050622;0.015278;0.052919;0.004648;0.004648;0.042081;0;0;0.055;0;0;0.142055719;0;0;0.012208657;6.95;3.48;12.27;6.05;3.03;10.68;0.9;0.45;1.59;0;0;0;5.91;2.96;10.43;5.14;2.57;9.08;0.77;0.38;1.35;0;0;0
UKH1;31.995925;29.374873;36.943419;5.237508;3.400369;7.129025;26.655703;25.871789;29.371289;0.102714;0.102714;0.443106;17.085;7.05;33.53;51.86392862;21.40126993;101.7850469;0.27192424;0.112207544;0.533662263;53.98;26.99;95.27;5.82;2.91;10.26;48.17;24.08;85.01;0;0;0;48.79;24.4;86.1;5.26;2.63;9.28;43.54;21.77;76.83;0;0;0
UKH2;2.084612;1.524726;2.677222;1.039583;0.668247;1.433125;1.029308;0.840758;1.123925;0.015721;0.015721;0.120172;1.14;0.255;4.075;3.29351472;0.73670724;11.7728706;0.079414838;0.017763845;0.283873215;13.68;6.84;24.14;4.19;2.09;7.39;9.49;4.75;16.75;0;0;0;12.2;6.1;21.52;3.73;1.87;6.59;8.46;4.23;14.93;0;0;0
UKH3;3.549908;2.773355;4.418772;1.415903;0.931764;1.976942;2.113636;1.821222;2.2972;0.020369;0.020369;0.144631;0.985;0.17;5.02;3.084994144;0.532435538;15.72250823;0.054120879;0.009340659;0.275824176;17.46;8.73;30.82;4.15;2.08;7.33;13.31;6.66;23.49;0;0;0;15.92;7.96;28.1;3.79;1.89;6.68;12.14;6.07;21.42;0;0;0
UKI3;0.003757;0.002768;0.022626;0;0;0;0.001433;0.000444;0.001575;0.002324;0.002324;0.021051;0;0;0;0;0;0;0;0;0;11.93;5.96;21.05;11.09;5.55;19.57;0.84;0.42;1.48;0;0;0;10.7;5.35;18.88;9.95;4.97;17.56;0.75;0.38;1.32;0;0;0
UKI4;0.003757;0.002768;0.022626;0;0;0;0.001433;0.000444;0.001575;0.002324;0.002324;0.021051;0;0;0;0;0;0;0;0;0;7.27;3.64;12.83;7.27;3.64;12.83;0;0;0;0;0;0;6.66;3.33;11.75;6.66;3.33;11.75;0;0;0;0;0;0
UKI5;0.002582;0.002582;0.002841;0;0;0;0.002582;0.002582;0.002841;0;0;0;0;0;0.015;0;0;0.03532317;0;0;0.006756757;0;0;0;0;0;0;0;0;0;0;0;0;0;0;0;0;0;0;0;0;0;0;0;0
UKI6;0.002582;0.002582;0.002841;0;0;0;0.002582;0.002582;0.002841;0;0;0;0;0;0.015;0;0;0.03532317;0;0;0.008450704;0;0;0;0;0;0;0;0;0;0;0;0;0;0;0;0;0;0;0;0;0;0;0;0
UKI7;0.002582;0.002582;0.002841;0;0;0;0.002582;0.002582;0.002841;0;0;0;0;0;0.015;0;0;0.03532317;0;0;0.006423983;0;0;0;0;0;0;0;0;0;0;0;0;0;0;0;0;0;0;0;0;0;0;0;0
UKJ1;3.282666;2.229941;4.497861;1.684533;1.00015;2.41595;1.563819;1.195478;1.772986;0.034313;0.034313;0.308925;2.53;0.685;7.63;7.29987225;1.976447625;22.01502975;0.088276343;0.023900907;0.266224703;20.51;10.26;36.19;5.63;2.81;9.93;14.88;7.44;26.26;0;0;0;18.15;9.07;32.03;4.98;2.49;8.79;13.17;6.58;23.24;0;0;0
UKJ2;2.357652;1.730788;3.402183;1.346614;0.827922;1.855864;0.899028;0.790856;1.011161;0.11201;0.11201;0.535158;0.56;0.12;2.44;1.55479926;0.33317127;6.77448249;0.020641356;0.004423148;0.089937339;14.28;7.14;25.21;6.75;3.37;11.91;7.54;3.77;13.3;0;0;0;13.14;6.57;23.2;6.21;3.1;10.96;6.94;3.47;12.24;0;0;0
UKJ3;2.006956;1.403062;2.900217;1.065578;0.657233;1.519386;0.897769;0.702219;1.020839;0.043609;0.043609;0.359992;1.69;0.595;4.275;4.836875063;1.702923469;12.23529047;0.082883767;0.029180971;0.209661599;12.69;6.34;22.39;4.19;2.09;7.39;8.5;4.25;15;0;0;0;11.63;5.82;20.53;3.84;1.92;6.77;7.79;3.9;13.75;0;0;0
UKJ4;1.95531;1.29901;2.643289;1.010872;0.591983;1.429444;0.924069;0.686658;1.047025;0.020369;0.020369;0.166819;0.995;0.325;2.91;2.762545114;0.902338856;8.079403298;0.054002714;0.017639077;0.157937585;11.87;5.93;20.94;4.17;2.08;7.35;7.7;3.85;13.59;0;0;0;10.99;5.49;19.39;3.86;1.93;6.81;7.13;3.57;12.59;0;0;0
UKK1;4.743679;2.711587;7.064783;2.966603;1.341106;4.639911;1.669714;1.263119;1.908922;0.107362;0.107362;0.51595;2.215;0.62;7.29;6.576539888;1.84083735;21.64468433;0.059399303;0.016626441;0.195494771;20.6;10.3;36.35;5.57;2.79;9.83;15.02;7.51;26.51;0;0;0;18.15;9.07;32.02;4.91;2.45;8.66;13.24;6.62;23.36;0;0;0
UKK2;3.706433;2.096708;5.670211;2.527822;1.108017;3.946108;1.133225;0.943306;1.363208;0.045386;0.045386;0.360894;3.27;1.09;8.785;10.62199823;3.540666075;28.53646924;0.108278146;0.036092715;0.29089404;18.25;9.13;32.21;3.08;1.54;5.43;15.17;7.59;26.78;0;0;0;16.63;8.31;29.34;2.8;1.4;4.95;13.82;6.91;24.39;0;0;0
UKK3;2.00576;1.16168;3.0947;1.412989;0.631217;2.248192;0.572403;0.510094;0.668525;0.020369;0.020369;0.177983;2.18;0.49;6.165;8.521947;1.9154835;24.09990975;0.123793299;0.027825099;0.350085179;11.61;5.81;20.5;1.27;0.63;2.24;10.35;5.17;18.26;0;0;0;10.45;5.23;18.45;1.14;0.57;2.01;9.31;4.66;16.43;0;0;0
UKK4;3.776535;2.193143;5.714258;2.612419;1.187067;4.088778;1.070697;0.912658;1.233325;0.093418;0.093418;0.392156;6.135;2.755;12.085;22.3837929;10.0517277;44.0926059;0.183243728;0.082287933;0.360961768;20.85;10.42;36.79;2.61;1.3;4.6;18.24;9.12;32.19;0;0;0;18.54;9.27;32.72;2.32;1.16;4.09;16.23;8.11;28.63;0;0;0
UKL1;4.378611;2.252561;7.971353;3.200378;1.222122;5.175269;0.924547;0.776753;1.405881;0.253686;0.253686;1.390203;21.695;8.41;24.85;76.63099764;29.70577046;87.77507681;0.334438107;0.129643903;0.38307384;35;17.5;61.76;4.66;2.33;8.22;30.33;15.17;53.53;0;0;0;28.57;14.28;50.41;3.8;1.9;6.71;24.76;12.38;43.7;0;0;0
UKL2;2.626887;1.349314;4.677275;1.868883;0.697403;3.065475;0.630272;0.524181;0.951622;0.127731;0.127731;0.660178;14.265;7.19;15.975;47.20026381;23.79038884;52.85833959;0.373185088;0.188096795;0.417920209;21.57;10.79;38.07;2.77;1.38;4.89;18.8;9.4;33.18;0;0;0;17.45;8.73;30.8;2.24;1.12;3.95;15.21;7.61;26.85;0;0;0
UKM2;4.870164;3.192498;9.047381;2.67045;1.392672;4.087117;1.743247;1.343358;2.356442;0.456467;0.456467;2.603822;19.105;29.13;46.785;56.21319394;85.71004132;137.6568583;0.211631127;0.322680698;0.518249792;38.32;19.16;67.63;4.93;2.47;8.7;33.39;16.7;58.93;0;0;0;28.12;14.06;49.62;3.62;1.81;6.38;24.5;12.25;43.24;0;0;0
UKM3;2.777954;1.831704;5.65385;1.750175;0.972397;2.611286;0.641714;0.473242;0.983628;0.386065;0.386065;2.058936;8.455;14.71;27.295;26.48083806;46.07133386;85.48722351;0.12649611;0.220077798;0.408363256;26.85;13.43;47.39;5.56;2.78;9.8;21.3;10.65;37.58;0;0;0;19.91;9.96;35.14;4.12;2.06;7.27;15.79;7.9;27.87;0;0;0
UKM5;1.724073;1.12814;3.168103;0.916697;0.472253;1.416697;0.654628;0.503139;0.883964;0.152748;0.152748;0.867442;4.21;8.4;17.69;13.60426711;27.14390587;57.1637732;0.130603381;0.260586319;0.548782379;18.62;9.31;32.86;1.16;0.58;2.04;17.47;8.73;30.83;0;0;0;13.82;6.91;24.39;0.86;0.43;1.51;12.97;6.48;22.88;0;0;0
UKM6;7.746931;4.98075;15.896953;4.979689;2.701911;7.479689;1.742297;1.253894;2.647058;1.024945;1.024945;5.770206;46.895;54.43;63.63;146.4658993;169.9997633;198.7338773;0.236568632;0.274580033;0.320990768;18.2;9.1;32.12;1.14;0.57;2.01;17.06;8.53;30.11;0;0;0;12.72;6.36;22.44;0.79;0.4;1.4;11.92;5.96;21.04;0;0;0
UKN0;6.394545;2.969684;10.536272;5.176219;1.948422;8.401161;1.090594;0.893531;1.491347;0.127731;0.127731;0.643764;24.97;8.79;29.125;97.42554888;34.29597816;113.637129;0.356892732;0.125634246;0.416279568;45.07;22.53;79.53;4.34;2.17;7.65;40.73;20.36;71.87;0;0;0;36.33;18.17;64.12;3.5;1.75;6.17;32.84;16.42;57.95;0;0;0
